<?xml version="1.0" encoding="UTF-8"?>
<ns2:ExportConfiguration xmlns:ns1="http://digev.com/uri/products/Types/xsd/1.0" xmlns:ns10="http://soa.com/uri/products/IdentityAuthorization/xsd/1.0" xmlns:ns11="http://soa.com/uri/products/Policy/xsd/1.0" xmlns:ns12="http://digev.com/uri/products/AlertManager/xsd/1.0" xmlns:ns13="http://soa.com/uri/products/Contracts/xsd/1.0" xmlns:ns14="http://digev.com/uri/products/PolicyManager/xsd/1.0" xmlns:ns15="urn:uddi-org:sub_v3" xmlns:ns2="http://www.soa.com/uri/products/ServiceManagerMigration/xsd/1.0" xmlns:ns3="http://digev.com/uri/products/ManagementServer/xsd/1.0" xmlns:ns4="http://www.soa.com/uri/products/SLAPolicy/xsd/1.0" xmlns:ns5="urn:uddi-org:api_v3" xmlns:ns6="http://www.w3.org/2000/09/xmldsig#" xmlns:ns7="http://soa.com/uri/products/ServiceProperties/1.0" xmlns:ns8="http://soa.com/uri/products/ServiceEndpointProperties/1.0" xmlns:ns9="http://soa.com/uri/products/Organization/xsd/1.0"><ns2:SourceOrganization><ns1:Key>uddi:soa.com:registryorganization</ns1:Key></ns2:SourceOrganization><ns2:ExportObjectConfiguration><ns1:OrganizationKey><ns1:Key>uddi:5ccceeea-b56b-11e4-86ce-86c450a25418</ns1:Key></ns1:OrganizationKey><ns2:ExportOrganization><ns9:Organization><ns9:OrganizationKey><ns1:Key>uddi:5ccceeea-b56b-11e4-86ce-86c450a25418</ns1:Key></ns9:OrganizationKey><ns9:ParentKey><ns1:Key>uddi:soa.com:registryorganization</ns1:Key></ns9:ParentKey><ns9:Name>Google Sheets API Integration</ns9:Name><ns9:Description></ns9:Description><ns9:OrganizationType>Project</ns9:OrganizationType></ns9:Organization><ns5:businessEntity businessKey="uddi:5ccceeea-b56b-11e4-86ce-86c450a25418"><ns5:name>Google Sheets API Integration</ns5:name><ns5:categoryBag><ns5:keyedReferenceGroup tModelKey="uddi:soa.com:organization:group"><ns5:keyedReference keyName="Organization type" keyValue="Project" tModelKey="uddi:soa.com:categorization:organizationtype"/></ns5:keyedReferenceGroup></ns5:categoryBag></ns5:businessEntity></ns2:ExportOrganization></ns2:ExportObjectConfiguration><ns2:ExportObjectConfiguration><ns1:ScriptKey><ns1:Key>script:cab432a2-a4f4-11e4-8c33-f78776b6b53c</ns1:Key></ns1:ScriptKey><ns2:ExportScript><ns2:ScriptUri>scripts/script_cab432a2-a4f4-11e4-8c33-f78776b6b53c.xml</ns2:ScriptUri><ns2:Name>Signature</ns2:Name><ns2:Description>uses Java to signed the object passed in, with the method passed in as a parameter</ns2:Description><ns2:ScriptKey>script:cab432a2-a4f4-11e4-8c33-f78776b6b53c</ns2:ScriptKey><ns2:OrganizationKey>uddi:de16dd10-b7c8-11e4-a1d3-e7b0fbac92ac</ns2:OrganizationKey><ns2:Type>js</ns2:Type></ns2:ExportScript></ns2:ExportObjectConfiguration><ns2:ExportObjectConfiguration><ns1:BpelKey><ns1:Key>bpel:21735124-a674-11e4-8e6b-f088256c1208</ns1:Key></ns1:BpelKey><ns2:ExportBpel><ns2:BpelUri>bpels/bpel_21735124-a674-11e4-8e6b-f088256c1208.xml</ns2:BpelUri></ns2:ExportBpel></ns2:ExportObjectConfiguration><ns2:ExportObjectConfiguration><ns1:BpelKey><ns1:Key>bpel:db68460c-a6b6-11e4-8e6b-f088256c1208</ns1:Key></ns1:BpelKey><ns2:ExportBpel><ns2:BpelUri>bpels/bpel_db68460c-a6b6-11e4-8e6b-f088256c1208.xml</ns2:BpelUri></ns2:ExportBpel></ns2:ExportObjectConfiguration><ns2:ExportObjectConfiguration><ns1:BpelKey><ns1:Key>bpel:aba48fd0-a6a9-11e4-8e6b-f088256c1208</ns1:Key></ns1:BpelKey><ns2:ExportBpel><ns2:BpelUri>bpels/bpel_aba48fd0-a6a9-11e4-8e6b-f088256c1208.xml</ns2:BpelUri></ns2:ExportBpel></ns2:ExportObjectConfiguration><ns2:ExportObjectConfiguration><ns1:BpelKey><ns1:Key>bpel:83e71923-c491-11e4-aaa1-f96d9bf69285</ns1:Key></ns1:BpelKey><ns2:ExportBpel><ns2:BpelUri>bpels/bpel_83e71923-c491-11e4-aaa1-f96d9bf69285.xml</ns2:BpelUri></ns2:ExportBpel></ns2:ExportObjectConfiguration><ns2:ExportObjectConfiguration><ns1:InterfaceKey><ns1:Key>uddi:2fe6dca5-ebe9-45b9-8dda-7569704534c2</ns1:Key><ns1:InterfaceQName>{https://spreadsheets.google.com/feeds}Google_Sheet_Integrator_PortType</ns1:InterfaceQName></ns1:InterfaceKey><ns2:ExportInterface><ns5:tModel deleted="false" tModelKey="uddi:2fe6dca5-ebe9-45b9-8dda-7569704534c2"><ns5:name>Google_Sheet_Integrator_PortType</ns5:name><ns5:categoryBag><ns5:keyedReference keyName="portType namespace" keyValue="https://spreadsheets.google.com/feeds" tModelKey="uddi:uddi.org:xml:namespace"/><ns5:keyedReference keyName="WSDL type" keyValue="portType" tModelKey="uddi:uddi.org:wsdl:types"/></ns5:categoryBag></ns5:tModel><ns2:InterfaceWsdlUri>wsdls/uddi_2fe6dca5-ebe9-45b9-8dda-7569704534c2.wsdl</ns2:InterfaceWsdlUri></ns2:ExportInterface></ns2:ExportObjectConfiguration><ns2:ExportObjectConfiguration><ns1:BindingKey><ns1:Key>uddi:73873f62-04cb-4470-8b7f-5bd18170f29a</ns1:Key><ns1:BindingQName>{https://spreadsheets.google.com/feeds}Google_Sheet_Integrator_Binding</ns1:BindingQName><ns1:BindingType>binding.http</ns1:BindingType></ns1:BindingKey><ns2:ExportBinding><ns5:tModel deleted="false" tModelKey="uddi:73873f62-04cb-4470-8b7f-5bd18170f29a"><ns5:name>Google_Sheet_Integrator_Binding</ns5:name><ns5:categoryBag><ns5:keyedReference keyName="binding namespace" keyValue="https://spreadsheets.google.com/feeds" tModelKey="uddi:uddi.org:xml:namespace"/><ns5:keyedReference keyName="WSDL type" keyValue="binding" tModelKey="uddi:uddi.org:wsdl:types"/><ns5:keyedReference keyName="portType Reference" keyValue="uddi:2fe6dca5-ebe9-45b9-8dda-7569704534c2" tModelKey="uddi:uddi.org:wsdl:porttypereference"/><ns5:keyedReference keyName="uddi-org:types" keyValue="wsdlSpec" tModelKey="uddi:uddi.org:categorization:types"/></ns5:categoryBag></ns5:tModel><ns2:BindingWsdlUri>wsdls/uddi_73873f62-04cb-4470-8b7f-5bd18170f29a.wsdl</ns2:BindingWsdlUri></ns2:ExportBinding></ns2:ExportObjectConfiguration><ns2:ExportObjectConfiguration><ns1:ServiceKey><ns1:Key>uddi:40f57421-c490-11e4-aaa1-f96d9bf69285</ns1:Key><ns1:ServiceQName>{https://spreadsheets.google.com/feeds}Google_Sheet_Integrator</ns1:ServiceQName></ns1:ServiceKey><ns2:ExportService><ns3:VirtualService BusinessKey="uddi:5ccceeea-b56b-11e4-86ce-86c450a25418" ServiceKey="uddi:40f57421-c490-11e4-aaa1-f96d9bf69285" WsdlServiceLocalName="Google_Sheet_Integrator" WsdlTargetNamespaceUrl="https://spreadsheets.google.com/feeds"><ns3:Name>Google_Sheet_Integrator</ns3:Name><ns3:Description></ns3:Description><ns3:Operations><ns3:LogicalOperation InterfaceName="{https://spreadsheets.google.com/feeds}Google_Sheet_Integrator_PortType" ManagementState="Enabled" NextHopOperationKey="uddi:46a696f8-c2fb-11e4-b79d-bcadfb6b06d1$$${https://spreadsheets.google.com/feeds}Google_Sheets_API_PortType$$$GET__worksheets__key___visibility___protection_" NextHopOperationName="GET /cells/{key}/{worksheetId}/{visibility}/{protection}" NextHopServiceKey="uddi:46a696f8-c2fb-11e4-b79d-bcadfb6b06d1" NextHopServiceName="Google_Sheets_API_vs0" NumOfVirtualizedOperations="0" OperationKey="411d4775-c490-11e4-aaa1-f96d9bf69285" OperationLastUpdatedAt="2015-03-10T06:23:49.517Z" OperationName="GET /cell" PolicyAvailable="true" ServiceKey="uddi:40f57421-c490-11e4-aaa1-f96d9bf69285" WsdlOperationName="GET__cell"><ns3:NextHopOperation InterfaceName="{https://spreadsheets.google.com/feeds}Google_Sheets_API_PortType" OperationKey="46ca72c2-c2fb-11e4-b79d-bcadfb6b06d1" OperationLastUpdatedAt="2015-03-09T06:55:56.323Z" OperationName="GET /cells/{key}/{worksheetId}/{visibility}/{protection}" ServiceKey="uddi:46a696f8-c2fb-11e4-b79d-bcadfb6b06d1" ServiceName="Google_Sheets_API_vs0" WsdlOperationName="GET__cells__key___worksheetId___visibility___protection_"/></ns3:LogicalOperation></ns3:Operations></ns3:VirtualService><ns5:businessService businessKey="uddi:5ccceeea-b56b-11e4-86ce-86c450a25418" serviceKey="uddi:40f57421-c490-11e4-aaa1-f96d9bf69285"><ns5:name>Google_Sheet_Integrator</ns5:name><ns5:bindingTemplates><ns5:bindingTemplate bindingKey="uddi:4138beb8-c490-11e4-aaa1-f96d9bf69285" serviceKey="uddi:40f57421-c490-11e4-aaa1-f96d9bf69285"><ns5:accessPoint useType="endPoint">http://win7-64-vm:80/sheets_int</ns5:accessPoint><ns5:tModelInstanceDetails><ns5:tModelInstanceInfo tModelKey="uddi:73873f62-04cb-4470-8b7f-5bd18170f29a"><ns5:description>The wsdl:binding that this wsdl:port implements. The instanceParms specifies the port local name.</ns5:description><ns5:instanceDetails><ns5:instanceParms>HTTP</ns5:instanceParms></ns5:instanceDetails></ns5:tModelInstanceInfo><ns5:tModelInstanceInfo tModelKey="uddi:2fe6dca5-ebe9-45b9-8dda-7569704534c2"><ns5:description>The wsdl:portType that this wsdl:port implements.</ns5:description></ns5:tModelInstanceInfo></ns5:tModelInstanceDetails><ns5:categoryBag><ns5:keyedReference keyName="WSDL type" keyValue="port" tModelKey="uddi:uddi.org:wsdl:types"/><ns5:keyedReferenceGroup tModelKey="uddi:soa.com:serviceendpoint:group"><ns5:keyedReference keyName="containerKey" keyValue="ND-Cluster" tModelKey="uddi:soa.com:serviceendpoint:containername"/><ns5:keyedReference keyName="listenerName" keyValue="default-http0" tModelKey="uddi:soa.com:serviceendpoint:listenername"/></ns5:keyedReferenceGroup></ns5:categoryBag></ns5:bindingTemplate></ns5:bindingTemplates><ns5:categoryBag><ns5:keyedReference keyName="Virtual Service" keyValue="Virtual Service" tModelKey="uddi:digev.com:categorization:services"/><ns5:keyedReference keyName="Design" keyValue="Design" tModelKey="uddi:soa.com:servicelifecyclestage"/><ns5:keyedReference keyName="WSDL type" keyValue="service" tModelKey="uddi:uddi.org:wsdl:types"/><ns5:keyedReference keyName="service namespace" keyValue="https://spreadsheets.google.com/feeds" tModelKey="uddi:uddi.org:xml:namespace"/><ns5:keyedReference keyName="service local name" keyValue="Google_Sheet_Integrator" tModelKey="uddi:uddi.org:xml:localname"/><ns5:keyedReference keyName="Managed Service" keyValue="Managed Service" tModelKey="uddi:digev.com:categorization:services"/><ns5:keyedReferenceGroup tModelKey="uddi:soa.com:service:group"/></ns5:categoryBag></ns5:businessService><ns2:ExportServiceEndpoint><ns8:ServiceEndpoint><ns8:ServiceKey>uddi:40f57421-c490-11e4-aaa1-f96d9bf69285</ns8:ServiceKey><ns8:Name>uddi:4138beb8-c490-11e4-aaa1-f96d9bf69285</ns8:Name><ns8:Url>http://win7-64-vm:80/sheets_int</ns8:Url><ns8:BindingQName>{https://spreadsheets.google.com/feeds}Google_Sheet_Integrator_Binding</ns8:BindingQName><ns8:PortName>HTTP</ns8:PortName><ns8:Protocol>http</ns8:Protocol><ns8:ContainerKey>ND-Cluster</ns8:ContainerKey><ns8:ListenerName>default-http0</ns8:ListenerName></ns8:ServiceEndpoint><ns2:EndpointWsdlUri>wsdls/uddi_4138beb8-c490-11e4-aaa1-f96d9bf69285.wsdl</ns2:EndpointWsdlUri></ns2:ExportServiceEndpoint><ns2:BpelUri>services/uddi_40f57421-c490-11e4-aaa1-f96d9bf69285/bpel.xml</ns2:BpelUri><ns2:ManagementUri>services/uddi_40f57421-c490-11e4-aaa1-f96d9bf69285/management.xml</ns2:ManagementUri></ns2:ExportService></ns2:ExportObjectConfiguration><ns2:ExportObjectConfiguration><ns1:ContractKey><ns1:Key>40747a4e-b56f-11e4-86ce-86c450a25418</ns1:Key></ns1:ContractKey><ns2:ExportContract><ns13:Contract><ns13:ContractInfo Anonymous="true" Key="40747a4e-b56f-11e4-86ce-86c450a25418:1153" Name="Anonymous" State="Activated"><ns13:Description></ns13:Description><ns13:ProviderOrganizationKey>uddi:5ccceeea-b56b-11e4-86ce-86c450a25418</ns13:ProviderOrganizationKey><ns1:EffectiveDateTimes><ns1:StartDateTime><ns1:DateTime>2015-02-16T11:03:00+11:00</ns1:DateTime><ns1:TimezoneName>Australia/Sydney</ns1:TimezoneName></ns1:StartDateTime><ns1:EndDateTime><ns1:DateTime>2016-02-16T11:03:00+11:00</ns1:DateTime><ns1:TimezoneName>Australia/Sydney</ns1:TimezoneName></ns1:EndDateTime><ns1:Expire>false</ns1:Expire></ns1:EffectiveDateTimes><ns13:ContractVersionInfo><ns13:LastModifiedTimestamp>2015-03-04+11:00</ns13:LastModifiedTimestamp><ns13:User>Local Domain\administrator</ns13:User><ns13:MetadataVersion>4</ns13:MetadataVersion><ns13:ActiveMetadataVersion>4</ns13:ActiveMetadataVersion></ns13:ContractVersionInfo><ns13:ContractType>service.contract</ns13:ContractType></ns13:ContractInfo><ns13:ContractScope><ns1:OrganizationKey>uddi:5ccceeea-b56b-11e4-86ce-86c450a25418</ns1:OrganizationKey></ns13:ContractScope></ns13:Contract></ns2:ExportContract></ns2:ExportObjectConfiguration><ns2:ExportObjectConfiguration><ns1:IdentityKey><ns1:Key>Local Domain\ZemIHltY2PAKh0JiOLHv#w==</ns1:Key><ns1:DomainName>Local Domain</ns1:DomainName><ns1:UserName>ZemIHltY2PAKh0JiOLHv#w==</ns1:UserName></ns1:IdentityKey><ns2:ExportUserIdentity><ns14:User DomainName="Local Domain" UserName="ZemIHltY2PAKh0JiOLHv#w=="><ns14:FullName>Service: uddi:40f57421-c490-11e4-aaa1-f96d9bf69285</ns14:FullName><ns14:IdentityKey>urn:uuid:40f7be12-c490-11e4-aaa1-f96d9bf69285</ns14:IdentityKey><ns14:Password>vfQVhKWKm5XT2P7iRG4RxzbXKNFzsAGIbHRn4hWOrK9VZsnZJYROPgg8ofwiQpYpQO3ozRqPthUZp7ZCAFL9+g==</ns14:Password><ns14:Disabled>false</ns14:Disabled><ns14:ForcePwdResetOnNextLogin>false</ns14:ForcePwdResetOnNextLogin><ns14:Expired>false</ns14:Expired><ns14:ReadOnly>true</ns14:ReadOnly><ns14:PasswordFrmSeed>0</ns14:PasswordFrmSeed><ns14:OrganizationKey>uddi:soa.com:registryorganization</ns14:OrganizationKey><ns14:PasswordSalt>fdrvvaS7dLW6dreIYb/G6uygSl1cACUuUV/w/cyPChCiI5txLUR2nagCyiq91K5PQNZoeSOAv7yRlupbssbdeA==</ns14:PasswordSalt></ns14:User><ns2:PKIGenerated>true</ns2:PKIGenerated></ns2:ExportUserIdentity></ns2:ExportObjectConfiguration></ns2:ExportConfiguration>