<?xml version="1.0" encoding="UTF-8"?>
<DepedendencyGraph version="1.1"><Nodes><Node type="urn:com:soa:ObjectKey"><ObjectKey class="com.soa.contracts.ContractKey">40747a4e-b56f-11e4-86ce-86c450a25418:1153</ObjectKey><property class="java.lang.String" name="_NAME_" type="urn:com:soa:SimpleProperty">Anonymous</property></Node><Node type="urn:com:soa:ObjectKey"><ObjectKey class="com.soa.organization.model.OrganizationKey">uddi:5ccceeea-b56b-11e4-86ce-86c450a25418</ObjectKey><property class="java.lang.String" name="_NAME_" type="urn:com:soa:SimpleProperty">Google Sheets API Integration</property></Node><Node type="urn:com:soa:ObjectKey"><ObjectKey class="com.soa.svccontainer.ContainerKey">ND-Cluster</ObjectKey><property class="java.lang.String" name="_NAME_" type="urn:com:soa:SimpleProperty">ND-Cluster</property></Node><Node type="urn:com:soa:ObjectKey"><ObjectKey class="com.soa.service.model.ServiceKey">uddi:40f57421-c490-11e4-aaa1-f96d9bf69285</ObjectKey><property class="java.lang.String" name="_NAME_" type="urn:com:soa:SimpleProperty">Google_Sheet_Integrator</property></Node><Node type="urn:com:soa:ObjectKey"><ObjectKey class="com.soa.bpel.BpelKey">bpel:21735124-a674-11e4-8e6b-f088256c1208</ObjectKey><property class="java.lang.String" name="_NAME_" type="urn:com:soa:SimpleProperty">GetSheetListRequest</property></Node><Node type="urn:com:soa:ObjectKey"><ObjectKey class="com.soa.service.endpoint.EndpointKey">uddi:4138beb8-c490-11e4-aaa1-f96d9bf69285</ObjectKey></Node><Node type="urn:com:soa:ObjectKey"><ObjectKey class="com.soa.wsdl.model.impl.WsdlBindingImpl">uddi:73873f62-04cb-4470-8b7f-5bd18170f29a</ObjectKey><property class="java.lang.String" name="_NAME_" type="urn:com:soa:SimpleProperty">{https://spreadsheets.google.com/feeds}Google_Sheet_Integrator_Binding</property></Node><Node type="urn:com:soa:ObjectKey"><ObjectKey class="com.soa.bpel.BpelKey">bpel:db68460c-a6b6-11e4-8e6b-f088256c1208</ObjectKey><property class="java.lang.String" name="_NAME_" type="urn:com:soa:SimpleProperty">GetCellListRequest</property></Node><Node type="urn:com:soa:ObjectKey"><ObjectKey class="com.soa.policy.config.model.PolicyKey">DetailedAuditing</ObjectKey><property class="java.lang.String" name="_NAME_" type="urn:com:soa:SimpleProperty">DetailedAuditing</property></Node><Node type="urn:com:soa:ObjectKey"><ObjectKey class="com.soa.bpel.BpelKey">bpel:aba48fd0-a6a9-11e4-8e6b-f088256c1208</ObjectKey><property class="java.lang.String" name="_NAME_" type="urn:com:soa:SimpleProperty">GetWorkbookListRequest</property></Node><Node type="urn:com:soa:ObjectKey"><ObjectKey class="com.soa.bpel.BpelKey">bpel:83e71923-c491-11e4-aaa1-f96d9bf69285</ObjectKey></Node><Node type="urn:com:soa:ObjectKey"><ObjectKey class="com.soa.service.operation.model.BindingOperationQualifiedKey">{https://spreadsheets.google.com/feeds}Google_Sheet_Integrator$$${https://spreadsheets.google.com/feeds}Google_Sheet_Integrator_Binding$$$GET__cell</ObjectKey></Node><Node type="urn:com:soa:ObjectKey"><ObjectKey class="com.soa.security.util.QualifiedUserName">Local Domain\ZemIHltY2PAKh0JiOLHv#w==</ObjectKey></Node><Node type="urn:com:soa:ObjectKey"><ObjectKey class="com.soa.wsdl.model.impl.WsdlInterfaceImpl">uddi:2fe6dca5-ebe9-45b9-8dda-7569704534c2</ObjectKey><property class="java.lang.String" name="_NAME_" type="urn:com:soa:SimpleProperty">{https://spreadsheets.google.com/feeds}Google_Sheet_Integrator_PortType</property></Node><Node type="urn:com:soa:ObjectKey"><ObjectKey class="com.soa.scripts.ScriptKey">script:cab432a2-a4f4-11e4-8c33-f78776b6b53c</ObjectKey><property class="java.lang.String" name="_NAME_" type="urn:com:soa:SimpleProperty">Signature</property></Node><Node type="urn:com:soa:ObjectKey"><ObjectKey class="com.soa.service.operation.model.OperationKey">411d4775-c490-11e4-aaa1-f96d9bf69285</ObjectKey></Node></Nodes><Links><Link type="operationalpolicy->service:refer"><From><Node type="urn:com:soa:ObjectKey"><ObjectKey class="com.soa.policy.config.model.PolicyKey">DetailedAuditing</ObjectKey></Node></From><To><Node type="urn:com:soa:ObjectKey"><ObjectKey class="com.soa.service.model.ServiceKey">uddi:40f57421-c490-11e4-aaa1-f96d9bf69285</ObjectKey></Node></To></Link><Link type="operation->service:parent"><From><Node type="urn:com:soa:ObjectKey"><ObjectKey class="com.soa.service.operation.model.OperationKey">411d4775-c490-11e4-aaa1-f96d9bf69285</ObjectKey></Node></From><To><Node type="urn:com:soa:ObjectKey"><ObjectKey class="com.soa.service.model.ServiceKey">uddi:40f57421-c490-11e4-aaa1-f96d9bf69285</ObjectKey></Node></To></Link><Link type="process->organization:refer"><From><Node type="urn:com:soa:ObjectKey"><ObjectKey class="com.soa.bpel.BpelKey">bpel:21735124-a674-11e4-8e6b-f088256c1208</ObjectKey></Node></From><To><Node type="urn:com:soa:ObjectKey"><ObjectKey class="com.soa.organization.model.OrganizationKey">uddi:5ccceeea-b56b-11e4-86ce-86c450a25418</ObjectKey></Node></To></Link><Link type="service->org:parent"><From><Node type="urn:com:soa:ObjectKey"><ObjectKey class="com.soa.service.model.ServiceKey">uddi:40f57421-c490-11e4-aaa1-f96d9bf69285</ObjectKey></Node></From><To><Node type="urn:com:soa:ObjectKey"><ObjectKey class="com.soa.organization.model.OrganizationKey">uddi:5ccceeea-b56b-11e4-86ce-86c450a25418</ObjectKey></Node></To></Link><Link type="bpel->script:refer"><From><Node type="urn:com:soa:ObjectKey"><ObjectKey class="com.soa.bpel.BpelKey">bpel:db68460c-a6b6-11e4-8e6b-f088256c1208</ObjectKey></Node></From><To><Node type="urn:com:soa:ObjectKey"><ObjectKey class="com.soa.scripts.ScriptKey">script:cab432a2-a4f4-11e4-8c33-f78776b6b53c</ObjectKey></Node></To></Link><Link type="interface->service:implements"><From><Node type="urn:com:soa:ObjectKey"><ObjectKey class="com.soa.wsdl.model.impl.WsdlInterfaceImpl">uddi:2fe6dca5-ebe9-45b9-8dda-7569704534c2</ObjectKey></Node></From><To><Node type="urn:com:soa:ObjectKey"><ObjectKey class="com.soa.service.model.ServiceKey">uddi:40f57421-c490-11e4-aaa1-f96d9bf69285</ObjectKey></Node></To></Link><Link type="process->process:ReferedBy"><From><Node type="urn:com:soa:ObjectKey"><ObjectKey class="com.soa.bpel.BpelKey">bpel:21735124-a674-11e4-8e6b-f088256c1208</ObjectKey></Node></From><To><Node type="urn:com:soa:ObjectKey"><ObjectKey class="com.soa.bpel.BpelKey">bpel:83e71923-c491-11e4-aaa1-f96d9bf69285</ObjectKey></Node></To></Link><Link type="interface->binding:implements"><From><Node type="urn:com:soa:ObjectKey"><ObjectKey class="com.soa.wsdl.model.impl.WsdlInterfaceImpl">uddi:2fe6dca5-ebe9-45b9-8dda-7569704534c2</ObjectKey></Node></From><To><Node type="urn:com:soa:ObjectKey"><ObjectKey class="com.soa.wsdl.model.impl.WsdlBindingImpl">uddi:73873f62-04cb-4470-8b7f-5bd18170f29a</ObjectKey></Node></To></Link><Link type="container->service:HostedBy"><From><Node type="urn:com:soa:ObjectKey"><ObjectKey class="com.soa.svccontainer.ContainerKey">ND-Cluster</ObjectKey></Node></From><To><Node type="urn:com:soa:ObjectKey"><ObjectKey class="com.soa.service.model.ServiceKey">uddi:40f57421-c490-11e4-aaa1-f96d9bf69285</ObjectKey></Node></To></Link><Link type="bpel->script:refer"><From><Node type="urn:com:soa:ObjectKey"><ObjectKey class="com.soa.bpel.BpelKey">bpel:aba48fd0-a6a9-11e4-8e6b-f088256c1208</ObjectKey></Node></From><To><Node type="urn:com:soa:ObjectKey"><ObjectKey class="com.soa.scripts.ScriptKey">script:cab432a2-a4f4-11e4-8c33-f78776b6b53c</ObjectKey></Node></To></Link><Link type="script->bpel:ReferedBy"><From><Node type="urn:com:soa:ObjectKey"><ObjectKey class="com.soa.scripts.ScriptKey">script:cab432a2-a4f4-11e4-8c33-f78776b6b53c</ObjectKey></Node></From><To><Node type="urn:com:soa:ObjectKey"><ObjectKey class="com.soa.bpel.BpelKey">bpel:21735124-a674-11e4-8e6b-f088256c1208</ObjectKey></Node></To></Link><Link type="organization->process:ReferedBy"><From><Node type="urn:com:soa:ObjectKey"><ObjectKey class="com.soa.organization.model.OrganizationKey">uddi:5ccceeea-b56b-11e4-86ce-86c450a25418</ObjectKey></Node></From><To><Node type="urn:com:soa:ObjectKey"><ObjectKey class="com.soa.bpel.BpelKey">bpel:21735124-a674-11e4-8e6b-f088256c1208</ObjectKey></Node></To></Link><Link type="service->binding:ImplementedBy"><From><Node type="urn:com:soa:ObjectKey"><ObjectKey class="com.soa.service.model.ServiceKey">uddi:40f57421-c490-11e4-aaa1-f96d9bf69285</ObjectKey></Node></From><To><Node type="urn:com:soa:ObjectKey"><ObjectKey class="com.soa.wsdl.model.impl.WsdlBindingImpl">uddi:73873f62-04cb-4470-8b7f-5bd18170f29a</ObjectKey></Node></To></Link><Link type="binding->interface:ImplementedBy"><From><Node type="urn:com:soa:ObjectKey"><ObjectKey class="com.soa.wsdl.model.impl.WsdlBindingImpl">uddi:73873f62-04cb-4470-8b7f-5bd18170f29a</ObjectKey></Node></From><To><Node type="urn:com:soa:ObjectKey"><ObjectKey class="com.soa.wsdl.model.impl.WsdlInterfaceImpl">uddi:2fe6dca5-ebe9-45b9-8dda-7569704534c2</ObjectKey></Node></To></Link><Link type="org->contract:refer"><From><Node type="urn:com:soa:ObjectKey"><ObjectKey class="com.soa.organization.model.OrganizationKey">uddi:5ccceeea-b56b-11e4-86ce-86c450a25418</ObjectKey></Node></From><To><Node type="urn:com:soa:ObjectKey"><ObjectKey class="com.soa.contracts.ContractKey">40747a4e-b56f-11e4-86ce-86c450a25418:1153</ObjectKey></Node></To></Link><Link type="process->process:refer"><From><Node type="urn:com:soa:ObjectKey"><ObjectKey class="com.soa.bpel.BpelKey">bpel:83e71923-c491-11e4-aaa1-f96d9bf69285</ObjectKey></Node></From><To><Node type="urn:com:soa:ObjectKey"><ObjectKey class="com.soa.bpel.BpelKey">bpel:21735124-a674-11e4-8e6b-f088256c1208</ObjectKey></Node></To></Link><Link type="service->interface:ImplementedBy"><From><Node type="urn:com:soa:ObjectKey"><ObjectKey class="com.soa.service.model.ServiceKey">uddi:40f57421-c490-11e4-aaa1-f96d9bf69285</ObjectKey></Node></From><To><Node type="urn:com:soa:ObjectKey"><ObjectKey class="com.soa.wsdl.model.impl.WsdlInterfaceImpl">uddi:2fe6dca5-ebe9-45b9-8dda-7569704534c2</ObjectKey></Node></To></Link><Link type="script->bpel:ReferedBy"><From><Node type="urn:com:soa:ObjectKey"><ObjectKey class="com.soa.scripts.ScriptKey">script:cab432a2-a4f4-11e4-8c33-f78776b6b53c</ObjectKey></Node></From><To><Node type="urn:com:soa:ObjectKey"><ObjectKey class="com.soa.bpel.BpelKey">bpel:aba48fd0-a6a9-11e4-8e6b-f088256c1208</ObjectKey></Node></To></Link><Link type="bpel->script:refer"><From><Node type="urn:com:soa:ObjectKey"><ObjectKey class="com.soa.bpel.BpelKey">bpel:21735124-a674-11e4-8e6b-f088256c1208</ObjectKey></Node></From><To><Node type="urn:com:soa:ObjectKey"><ObjectKey class="com.soa.scripts.ScriptKey">script:cab432a2-a4f4-11e4-8c33-f78776b6b53c</ObjectKey></Node></To></Link><Link type="process->process:ReferedBy"><From><Node type="urn:com:soa:ObjectKey"><ObjectKey class="com.soa.bpel.BpelKey">bpel:db68460c-a6b6-11e4-8e6b-f088256c1208</ObjectKey></Node></From><To><Node type="urn:com:soa:ObjectKey"><ObjectKey class="com.soa.bpel.BpelKey">bpel:83e71923-c491-11e4-aaa1-f96d9bf69285</ObjectKey></Node></To></Link><Link type="service->operation:child"><From><Node type="urn:com:soa:ObjectKey"><ObjectKey class="com.soa.service.model.ServiceKey">uddi:40f57421-c490-11e4-aaa1-f96d9bf69285</ObjectKey></Node></From><To><Node type="urn:com:soa:ObjectKey"><ObjectKey class="com.soa.service.operation.model.OperationKey">411d4775-c490-11e4-aaa1-f96d9bf69285</ObjectKey></Node></To></Link><Link type="organization->process:ReferedBy"><From><Node type="urn:com:soa:ObjectKey"><ObjectKey class="com.soa.organization.model.OrganizationKey">uddi:5ccceeea-b56b-11e4-86ce-86c450a25418</ObjectKey></Node></From><To><Node type="urn:com:soa:ObjectKey"><ObjectKey class="com.soa.bpel.BpelKey">bpel:aba48fd0-a6a9-11e4-8e6b-f088256c1208</ObjectKey></Node></To></Link><Link type="contract->org:ReferredBy"><From><Node type="urn:com:soa:ObjectKey"><ObjectKey class="com.soa.contracts.ContractKey">40747a4e-b56f-11e4-86ce-86c450a25418:1153</ObjectKey></Node></From><To><Node type="urn:com:soa:ObjectKey"><ObjectKey class="com.soa.organization.model.OrganizationKey">uddi:5ccceeea-b56b-11e4-86ce-86c450a25418</ObjectKey></Node></To></Link><Link type="service->container:Hosts"><From><Node type="urn:com:soa:ObjectKey"><ObjectKey class="com.soa.service.model.ServiceKey">uddi:40f57421-c490-11e4-aaa1-f96d9bf69285</ObjectKey></Node></From><To><Node type="urn:com:soa:ObjectKey"><ObjectKey class="com.soa.svccontainer.ContainerKey">ND-Cluster</ObjectKey></Node></To></Link><Link type="process->process:refer"><From><Node type="urn:com:soa:ObjectKey"><ObjectKey class="com.soa.bpel.BpelKey">bpel:83e71923-c491-11e4-aaa1-f96d9bf69285</ObjectKey></Node></From><To><Node type="urn:com:soa:ObjectKey"><ObjectKey class="com.soa.bpel.BpelKey">bpel:aba48fd0-a6a9-11e4-8e6b-f088256c1208</ObjectKey></Node></To></Link><Link type="bndoperation->service:parent"><From><Node type="urn:com:soa:ObjectKey"><ObjectKey class="com.soa.service.operation.model.BindingOperationQualifiedKey">{https://spreadsheets.google.com/feeds}Google_Sheet_Integrator$$${https://spreadsheets.google.com/feeds}Google_Sheet_Integrator_Binding$$$GET__cell</ObjectKey></Node></From><To><Node type="urn:com:soa:ObjectKey"><ObjectKey class="com.soa.service.model.ServiceKey">uddi:40f57421-c490-11e4-aaa1-f96d9bf69285</ObjectKey></Node></To></Link><Link type="process->organization:refer"><From><Node type="urn:com:soa:ObjectKey"><ObjectKey class="com.soa.bpel.BpelKey">bpel:db68460c-a6b6-11e4-8e6b-f088256c1208</ObjectKey></Node></From><To><Node type="urn:com:soa:ObjectKey"><ObjectKey class="com.soa.organization.model.OrganizationKey">uddi:5ccceeea-b56b-11e4-86ce-86c450a25418</ObjectKey></Node></To></Link><Link type="identity->service:ReferredBy"><From><Node type="urn:com:soa:ObjectKey"><ObjectKey class="com.soa.security.util.QualifiedUserName">Local Domain\ZemIHltY2PAKh0JiOLHv#w==</ObjectKey></Node></From><To><Node type="urn:com:soa:ObjectKey"><ObjectKey class="com.soa.service.model.ServiceKey">uddi:40f57421-c490-11e4-aaa1-f96d9bf69285</ObjectKey></Node></To></Link><Link type="service->identity:refer"><From><Node type="urn:com:soa:ObjectKey"><ObjectKey class="com.soa.service.model.ServiceKey">uddi:40f57421-c490-11e4-aaa1-f96d9bf69285</ObjectKey></Node></From><To><Node type="urn:com:soa:ObjectKey"><ObjectKey class="com.soa.security.util.QualifiedUserName">Local Domain\ZemIHltY2PAKh0JiOLHv#w==</ObjectKey></Node></To></Link><Link type="contract->org:parent"><From><Node type="urn:com:soa:ObjectKey"><ObjectKey class="com.soa.contracts.ContractKey">40747a4e-b56f-11e4-86ce-86c450a25418:1153</ObjectKey></Node></From><To><Node type="urn:com:soa:ObjectKey"><ObjectKey class="com.soa.organization.model.OrganizationKey">uddi:5ccceeea-b56b-11e4-86ce-86c450a25418</ObjectKey></Node></To></Link><Link type="service->bndoperation:child"><From><Node type="urn:com:soa:ObjectKey"><ObjectKey class="com.soa.service.model.ServiceKey">uddi:40f57421-c490-11e4-aaa1-f96d9bf69285</ObjectKey></Node></From><To><Node type="urn:com:soa:ObjectKey"><ObjectKey class="com.soa.service.operation.model.BindingOperationQualifiedKey">{https://spreadsheets.google.com/feeds}Google_Sheet_Integrator$$${https://spreadsheets.google.com/feeds}Google_Sheet_Integrator_Binding$$$GET__cell</ObjectKey></Node></To></Link><Link type="process->process:refer"><From><Node type="urn:com:soa:ObjectKey"><ObjectKey class="com.soa.bpel.BpelKey">bpel:83e71923-c491-11e4-aaa1-f96d9bf69285</ObjectKey></Node></From><To><Node type="urn:com:soa:ObjectKey"><ObjectKey class="com.soa.bpel.BpelKey">bpel:db68460c-a6b6-11e4-8e6b-f088256c1208</ObjectKey></Node></To></Link><Link type="org->service:child"><From><Node type="urn:com:soa:ObjectKey"><ObjectKey class="com.soa.organization.model.OrganizationKey">uddi:5ccceeea-b56b-11e4-86ce-86c450a25418</ObjectKey></Node></From><To><Node type="urn:com:soa:ObjectKey"><ObjectKey class="com.soa.service.model.ServiceKey">uddi:40f57421-c490-11e4-aaa1-f96d9bf69285</ObjectKey></Node></To></Link><Link type="process->organization:refer"><From><Node type="urn:com:soa:ObjectKey"><ObjectKey class="com.soa.bpel.BpelKey">bpel:aba48fd0-a6a9-11e4-8e6b-f088256c1208</ObjectKey></Node></From><To><Node type="urn:com:soa:ObjectKey"><ObjectKey class="com.soa.organization.model.OrganizationKey">uddi:5ccceeea-b56b-11e4-86ce-86c450a25418</ObjectKey></Node></To></Link><Link type="binding->service:implements"><From><Node type="urn:com:soa:ObjectKey"><ObjectKey class="com.soa.wsdl.model.impl.WsdlBindingImpl">uddi:73873f62-04cb-4470-8b7f-5bd18170f29a</ObjectKey></Node></From><To><Node type="urn:com:soa:ObjectKey"><ObjectKey class="com.soa.service.model.ServiceKey">uddi:40f57421-c490-11e4-aaa1-f96d9bf69285</ObjectKey></Node></To></Link><Link type="script->bpel:ReferedBy"><From><Node type="urn:com:soa:ObjectKey"><ObjectKey class="com.soa.scripts.ScriptKey">script:cab432a2-a4f4-11e4-8c33-f78776b6b53c</ObjectKey></Node></From><To><Node type="urn:com:soa:ObjectKey"><ObjectKey class="com.soa.bpel.BpelKey">bpel:db68460c-a6b6-11e4-8e6b-f088256c1208</ObjectKey></Node></To></Link><Link type="service->operationalpolicy:ReferedBy"><From><Node type="urn:com:soa:ObjectKey"><ObjectKey class="com.soa.service.model.ServiceKey">uddi:40f57421-c490-11e4-aaa1-f96d9bf69285</ObjectKey></Node></From><To><Node type="urn:com:soa:ObjectKey"><ObjectKey class="com.soa.policy.config.model.PolicyKey">DetailedAuditing</ObjectKey></Node></To></Link><Link type="bpel->virtualop:routedBy"><From><Node type="urn:com:soa:ObjectKey"><ObjectKey class="com.soa.bpel.BpelKey">bpel:83e71923-c491-11e4-aaa1-f96d9bf69285</ObjectKey></Node></From><To><Node type="urn:com:soa:ObjectKey"><ObjectKey class="com.soa.service.operation.model.OperationKey">411d4775-c490-11e4-aaa1-f96d9bf69285</ObjectKey></Node></To></Link><Link type="endpoint->service:parent"><From><Node type="urn:com:soa:ObjectKey"><ObjectKey class="com.soa.service.endpoint.EndpointKey">uddi:4138beb8-c490-11e4-aaa1-f96d9bf69285</ObjectKey></Node></From><To><Node type="urn:com:soa:ObjectKey"><ObjectKey class="com.soa.service.model.ServiceKey">uddi:40f57421-c490-11e4-aaa1-f96d9bf69285</ObjectKey></Node></To></Link><Link type="org->contract:child"><From><Node type="urn:com:soa:ObjectKey"><ObjectKey class="com.soa.organization.model.OrganizationKey">uddi:5ccceeea-b56b-11e4-86ce-86c450a25418</ObjectKey></Node></From><To><Node type="urn:com:soa:ObjectKey"><ObjectKey class="com.soa.contracts.ContractKey">40747a4e-b56f-11e4-86ce-86c450a25418:1153</ObjectKey></Node></To></Link><Link type="service->endpoint:child"><From><Node type="urn:com:soa:ObjectKey"><ObjectKey class="com.soa.service.model.ServiceKey">uddi:40f57421-c490-11e4-aaa1-f96d9bf69285</ObjectKey></Node></From><To><Node type="urn:com:soa:ObjectKey"><ObjectKey class="com.soa.service.endpoint.EndpointKey">uddi:4138beb8-c490-11e4-aaa1-f96d9bf69285</ObjectKey></Node></To></Link><Link type="process->process:ReferedBy"><From><Node type="urn:com:soa:ObjectKey"><ObjectKey class="com.soa.bpel.BpelKey">bpel:aba48fd0-a6a9-11e4-8e6b-f088256c1208</ObjectKey></Node></From><To><Node type="urn:com:soa:ObjectKey"><ObjectKey class="com.soa.bpel.BpelKey">bpel:83e71923-c491-11e4-aaa1-f96d9bf69285</ObjectKey></Node></To></Link><Link type="virtualop->bpel:route"><From><Node type="urn:com:soa:ObjectKey"><ObjectKey class="com.soa.service.operation.model.OperationKey">411d4775-c490-11e4-aaa1-f96d9bf69285</ObjectKey></Node></From><To><Node type="urn:com:soa:ObjectKey"><ObjectKey class="com.soa.bpel.BpelKey">bpel:83e71923-c491-11e4-aaa1-f96d9bf69285</ObjectKey></Node></To></Link><Link type="organization->process:ReferedBy"><From><Node type="urn:com:soa:ObjectKey"><ObjectKey class="com.soa.organization.model.OrganizationKey">uddi:5ccceeea-b56b-11e4-86ce-86c450a25418</ObjectKey></Node></From><To><Node type="urn:com:soa:ObjectKey"><ObjectKey class="com.soa.bpel.BpelKey">bpel:db68460c-a6b6-11e4-8e6b-f088256c1208</ObjectKey></Node></To></Link></Links></DepedendencyGraph>