<?xml version="1.0" encoding="UTF-8"?>
<ns2:ExportConfiguration xmlns="http://digev.com/uri/products/PolicyManager/xsd/1.0" xmlns:ns10="http://www.soa.com/uri/products/SLAPolicy/xsd/1.0" xmlns:ns11="http://soa.com/uri/products/ServiceProperties/1.0" xmlns:ns12="http://soa.com/uri/products/ServiceEndpointProperties/1.0" xmlns:ns13="http://soa.com/uri/products/Organization/xsd/1.0" xmlns:ns14="http://soa.com/uri/products/IdentityAuthorization/xsd/1.0" xmlns:ns15="http://soa.com/uri/products/Contracts/xsd/1.0" xmlns:ns2="http://www.soa.com/uri/products/ServiceManagerMigration/xsd/1.0" xmlns:ns3="http://soa.com/uri/products/Policy/xsd/1.0" xmlns:ns4="urn:uddi-org:api_v3" xmlns:ns5="http://www.w3.org/2000/09/xmldsig#" xmlns:ns6="urn:uddi-org:sub_v3" xmlns:ns7="http://digev.com/uri/products/AlertManager/xsd/1.0" xmlns:ns8="http://digev.com/uri/products/Types/xsd/1.0" xmlns:ns9="http://digev.com/uri/products/ManagementServer/xsd/1.0"><ns2:SourceOrganization><ns8:Key>uddi:soa.com:registryorganization</ns8:Key></ns2:SourceOrganization><ns2:ExportObjectConfiguration><ns8:OrganizationKey><ns8:Key>uddi:5ccceeea-b56b-11e4-86ce-86c450a25418</ns8:Key></ns8:OrganizationKey><ns2:ExportOrganization><ns13:Organization><ns13:OrganizationKey><ns8:Key>uddi:5ccceeea-b56b-11e4-86ce-86c450a25418</ns8:Key></ns13:OrganizationKey><ns13:ParentKey><ns8:Key>uddi:soa.com:registryorganization</ns8:Key></ns13:ParentKey><ns13:Name>Google Sheets API Integration</ns13:Name><ns13:Description></ns13:Description><ns13:OrganizationType>Project</ns13:OrganizationType></ns13:Organization><ns4:businessEntity businessKey="uddi:5ccceeea-b56b-11e4-86ce-86c450a25418"><ns4:name>Google Sheets API Integration</ns4:name><ns4:categoryBag><ns4:keyedReferenceGroup tModelKey="uddi:soa.com:organization:group"><ns4:keyedReference keyName="Organization type" keyValue="Project" tModelKey="uddi:soa.com:categorization:organizationtype"/></ns4:keyedReferenceGroup></ns4:categoryBag></ns4:businessEntity></ns2:ExportOrganization></ns2:ExportObjectConfiguration><ns2:ExportObjectConfiguration><ns8:ScriptKey><ns8:Key>script:cab432a2-a4f4-11e4-8c33-f78776b6b53c</ns8:Key></ns8:ScriptKey><ns2:ExportScript><ns2:ScriptUri>scripts/script_cab432a2-a4f4-11e4-8c33-f78776b6b53c.xml</ns2:ScriptUri><ns2:Name>Signature</ns2:Name><ns2:Description>uses Java to signed the object passed in, with the method passed in as a parameter</ns2:Description><ns2:ScriptKey>script:cab432a2-a4f4-11e4-8c33-f78776b6b53c</ns2:ScriptKey><ns2:OrganizationKey>uddi:de16dd10-b7c8-11e4-a1d3-e7b0fbac92ac</ns2:OrganizationKey><ns2:Type>js</ns2:Type></ns2:ExportScript></ns2:ExportObjectConfiguration><ns2:ExportObjectConfiguration><ns8:BpelKey><ns8:Key>bpel:21735124-a674-11e4-8e6b-f088256c1208</ns8:Key></ns8:BpelKey><ns2:ExportBpel><ns2:BpelUri>bpels/bpel_21735124-a674-11e4-8e6b-f088256c1208.xml</ns2:BpelUri></ns2:ExportBpel></ns2:ExportObjectConfiguration><ns2:ExportObjectConfiguration><ns8:BpelKey><ns8:Key>bpel:db68460c-a6b6-11e4-8e6b-f088256c1208</ns8:Key></ns8:BpelKey><ns2:ExportBpel><ns2:BpelUri>bpels/bpel_db68460c-a6b6-11e4-8e6b-f088256c1208.xml</ns2:BpelUri></ns2:ExportBpel></ns2:ExportObjectConfiguration><ns2:ExportObjectConfiguration><ns8:BpelKey><ns8:Key>bpel:aba48fd0-a6a9-11e4-8e6b-f088256c1208</ns8:Key></ns8:BpelKey><ns2:ExportBpel><ns2:BpelUri>bpels/bpel_aba48fd0-a6a9-11e4-8e6b-f088256c1208.xml</ns2:BpelUri></ns2:ExportBpel></ns2:ExportObjectConfiguration><ns2:ExportObjectConfiguration><ns8:BpelKey><ns8:Key>bpel:83e71923-c491-11e4-aaa1-f96d9bf69285</ns8:Key></ns8:BpelKey><ns2:ExportBpel><ns2:BpelUri>bpels/bpel_83e71923-c491-11e4-aaa1-f96d9bf69285.xml</ns2:BpelUri></ns2:ExportBpel></ns2:ExportObjectConfiguration><ns2:ExportObjectConfiguration><ns8:InterfaceKey><ns8:Key>uddi:2fe6dca5-ebe9-45b9-8dda-7569704534c2</ns8:Key><ns8:InterfaceQName>{https://spreadsheets.google.com/feeds}Google_Sheet_Integrator_PortType</ns8:InterfaceQName></ns8:InterfaceKey><ns2:ExportInterface><ns4:tModel deleted="false" tModelKey="uddi:2fe6dca5-ebe9-45b9-8dda-7569704534c2"><ns4:name>Google_Sheet_Integrator_PortType</ns4:name><ns4:categoryBag><ns4:keyedReference keyName="portType namespace" keyValue="https://spreadsheets.google.com/feeds" tModelKey="uddi:uddi.org:xml:namespace"/><ns4:keyedReference keyName="WSDL type" keyValue="portType" tModelKey="uddi:uddi.org:wsdl:types"/></ns4:categoryBag></ns4:tModel><ns2:InterfaceWsdlUri>wsdls/uddi_2fe6dca5-ebe9-45b9-8dda-7569704534c2.wsdl</ns2:InterfaceWsdlUri></ns2:ExportInterface></ns2:ExportObjectConfiguration><ns2:ExportObjectConfiguration><ns8:BindingKey><ns8:Key>uddi:73873f62-04cb-4470-8b7f-5bd18170f29a</ns8:Key><ns8:BindingQName>{https://spreadsheets.google.com/feeds}Google_Sheet_Integrator_Binding</ns8:BindingQName><ns8:BindingType>binding.http</ns8:BindingType></ns8:BindingKey><ns2:ExportBinding><ns4:tModel deleted="false" tModelKey="uddi:73873f62-04cb-4470-8b7f-5bd18170f29a"><ns4:name>Google_Sheet_Integrator_Binding</ns4:name><ns4:categoryBag><ns4:keyedReference keyName="binding namespace" keyValue="https://spreadsheets.google.com/feeds" tModelKey="uddi:uddi.org:xml:namespace"/><ns4:keyedReference keyName="WSDL type" keyValue="binding" tModelKey="uddi:uddi.org:wsdl:types"/><ns4:keyedReference keyName="portType Reference" keyValue="uddi:2fe6dca5-ebe9-45b9-8dda-7569704534c2" tModelKey="uddi:uddi.org:wsdl:porttypereference"/><ns4:keyedReference keyName="uddi-org:types" keyValue="wsdlSpec" tModelKey="uddi:uddi.org:categorization:types"/></ns4:categoryBag></ns4:tModel><ns2:BindingWsdlUri>wsdls/uddi_73873f62-04cb-4470-8b7f-5bd18170f29a.wsdl</ns2:BindingWsdlUri></ns2:ExportBinding></ns2:ExportObjectConfiguration><ns2:ExportObjectConfiguration><ns8:ServiceKey><ns8:Key>uddi:40f57421-c490-11e4-aaa1-f96d9bf69285</ns8:Key><ns8:ServiceQName>{https://spreadsheets.google.com/feeds}Google_Sheet_Integrator</ns8:ServiceQName></ns8:ServiceKey><ns2:ExportService><ns9:VirtualService BusinessKey="uddi:5ccceeea-b56b-11e4-86ce-86c450a25418" ServiceKey="uddi:40f57421-c490-11e4-aaa1-f96d9bf69285" WsdlServiceLocalName="Google_Sheet_Integrator" WsdlTargetNamespaceUrl="https://spreadsheets.google.com/feeds"><ns9:Name>Google_Sheet_Integrator</ns9:Name><ns9:Description></ns9:Description><ns9:Operations><ns9:LogicalOperation InterfaceName="{https://spreadsheets.google.com/feeds}Google_Sheet_Integrator_PortType" ManagementState="Enabled" NextHopOperationKey="uddi:46a696f8-c2fb-11e4-b79d-bcadfb6b06d1$$${https://spreadsheets.google.com/feeds}Google_Sheets_API_PortType$$$GET__worksheets__key___visibility___protection_" NextHopOperationName="GET /cells/{key}/{worksheetId}/{visibility}/{protection}" NextHopServiceKey="uddi:46a696f8-c2fb-11e4-b79d-bcadfb6b06d1" NextHopServiceName="Google_Sheets_API_vs0" NumOfVirtualizedOperations="0" OperationKey="411d4775-c490-11e4-aaa1-f96d9bf69285" OperationLastUpdatedAt="2015-03-07T11:13:31.197Z" OperationName="GET /cell" PolicyAvailable="true" ServiceKey="uddi:40f57421-c490-11e4-aaa1-f96d9bf69285" WsdlOperationName="GET__cell"><ns9:NextHopOperation InterfaceName="{https://spreadsheets.google.com/feeds}Google_Sheets_API_PortType" OperationKey="46ca72c2-c2fb-11e4-b79d-bcadfb6b06d1" OperationLastUpdatedAt="2015-03-06T06:09:31.657Z" OperationName="GET /cells/{key}/{worksheetId}/{visibility}/{protection}" ServiceKey="uddi:46a696f8-c2fb-11e4-b79d-bcadfb6b06d1" ServiceName="Google_Sheets_API_vs0" WsdlOperationName="GET__cells__key___worksheetId___visibility___protection_"/></ns9:LogicalOperation></ns9:Operations></ns9:VirtualService><ns4:businessService businessKey="uddi:5ccceeea-b56b-11e4-86ce-86c450a25418" serviceKey="uddi:40f57421-c490-11e4-aaa1-f96d9bf69285"><ns4:name>Google_Sheet_Integrator</ns4:name><ns4:bindingTemplates><ns4:bindingTemplate bindingKey="uddi:4138beb8-c490-11e4-aaa1-f96d9bf69285" serviceKey="uddi:40f57421-c490-11e4-aaa1-f96d9bf69285"><ns4:accessPoint useType="endPoint">http://win7-64-vm:80/sheets_int</ns4:accessPoint><ns4:tModelInstanceDetails><ns4:tModelInstanceInfo tModelKey="uddi:73873f62-04cb-4470-8b7f-5bd18170f29a"><ns4:description>The wsdl:binding that this wsdl:port implements. The instanceParms specifies the port local name.</ns4:description><ns4:instanceDetails><ns4:instanceParms>HTTP</ns4:instanceParms></ns4:instanceDetails></ns4:tModelInstanceInfo><ns4:tModelInstanceInfo tModelKey="uddi:2fe6dca5-ebe9-45b9-8dda-7569704534c2"><ns4:description>The wsdl:portType that this wsdl:port implements.</ns4:description></ns4:tModelInstanceInfo></ns4:tModelInstanceDetails><ns4:categoryBag><ns4:keyedReference keyName="WSDL type" keyValue="port" tModelKey="uddi:uddi.org:wsdl:types"/><ns4:keyedReferenceGroup tModelKey="uddi:soa.com:serviceendpoint:group"><ns4:keyedReference keyName="containerKey" keyValue="ND-Cluster" tModelKey="uddi:soa.com:serviceendpoint:containername"/><ns4:keyedReference keyName="listenerName" keyValue="default-http0" tModelKey="uddi:soa.com:serviceendpoint:listenername"/></ns4:keyedReferenceGroup></ns4:categoryBag></ns4:bindingTemplate></ns4:bindingTemplates><ns4:categoryBag><ns4:keyedReference keyName="Virtual Service" keyValue="Virtual Service" tModelKey="uddi:digev.com:categorization:services"/><ns4:keyedReference keyName="Design" keyValue="Design" tModelKey="uddi:soa.com:servicelifecyclestage"/><ns4:keyedReference keyName="WSDL type" keyValue="service" tModelKey="uddi:uddi.org:wsdl:types"/><ns4:keyedReference keyName="service namespace" keyValue="https://spreadsheets.google.com/feeds" tModelKey="uddi:uddi.org:xml:namespace"/><ns4:keyedReference keyName="service local name" keyValue="Google_Sheet_Integrator" tModelKey="uddi:uddi.org:xml:localname"/><ns4:keyedReference keyName="Managed Service" keyValue="Managed Service" tModelKey="uddi:digev.com:categorization:services"/><ns4:keyedReferenceGroup tModelKey="uddi:soa.com:service:group"/></ns4:categoryBag></ns4:businessService><ns2:ExportServiceEndpoint><ns12:ServiceEndpoint><ns12:ServiceKey>uddi:40f57421-c490-11e4-aaa1-f96d9bf69285</ns12:ServiceKey><ns12:Name>uddi:4138beb8-c490-11e4-aaa1-f96d9bf69285</ns12:Name><ns12:Url>http://win7-64-vm:80/sheets_int</ns12:Url><ns12:BindingQName>{https://spreadsheets.google.com/feeds}Google_Sheet_Integrator_Binding</ns12:BindingQName><ns12:PortName>HTTP</ns12:PortName><ns12:Protocol>http</ns12:Protocol><ns12:ContainerKey>ND-Cluster</ns12:ContainerKey><ns12:ListenerName>default-http0</ns12:ListenerName></ns12:ServiceEndpoint><ns2:EndpointWsdlUri>wsdls/uddi_4138beb8-c490-11e4-aaa1-f96d9bf69285.wsdl</ns2:EndpointWsdlUri></ns2:ExportServiceEndpoint><ns2:BpelUri>services/uddi_40f57421-c490-11e4-aaa1-f96d9bf69285/bpel.xml</ns2:BpelUri><ns2:ManagementUri>services/uddi_40f57421-c490-11e4-aaa1-f96d9bf69285/management.xml</ns2:ManagementUri></ns2:ExportService></ns2:ExportObjectConfiguration><ns2:ExportObjectConfiguration><ns8:ContractKey><ns8:Key>40747a4e-b56f-11e4-86ce-86c450a25418</ns8:Key></ns8:ContractKey><ns2:ExportContract><ns15:Contract><ns15:ContractInfo Anonymous="true" Key="40747a4e-b56f-11e4-86ce-86c450a25418:1153" Name="Anonymous" State="Activated"><ns15:Description></ns15:Description><ns15:ProviderOrganizationKey>uddi:5ccceeea-b56b-11e4-86ce-86c450a25418</ns15:ProviderOrganizationKey><ns8:EffectiveDateTimes><ns8:StartDateTime><ns8:DateTime>2015-02-16T11:03:00+11:00</ns8:DateTime><ns8:TimezoneName>Australia/Sydney</ns8:TimezoneName></ns8:StartDateTime><ns8:EndDateTime><ns8:DateTime>2016-02-16T11:03:00+11:00</ns8:DateTime><ns8:TimezoneName>Australia/Sydney</ns8:TimezoneName></ns8:EndDateTime><ns8:Expire>false</ns8:Expire></ns8:EffectiveDateTimes><ns15:ContractVersionInfo><ns15:LastModifiedTimestamp>2015-03-04+11:00</ns15:LastModifiedTimestamp><ns15:User>Local Domain\administrator</ns15:User><ns15:MetadataVersion>4</ns15:MetadataVersion><ns15:ActiveMetadataVersion>4</ns15:ActiveMetadataVersion></ns15:ContractVersionInfo><ns15:ContractType>service.contract</ns15:ContractType></ns15:ContractInfo><ns15:ContractScope><ns8:OrganizationKey>uddi:5ccceeea-b56b-11e4-86ce-86c450a25418</ns8:OrganizationKey></ns15:ContractScope></ns15:Contract></ns2:ExportContract></ns2:ExportObjectConfiguration><ns2:ExportObjectConfiguration><ns8:IdentityKey><ns8:Key>Local Domain\ZemIHltY2PAKh0JiOLHv#w==</ns8:Key><ns8:DomainName>Local Domain</ns8:DomainName><ns8:UserName>ZemIHltY2PAKh0JiOLHv#w==</ns8:UserName></ns8:IdentityKey><ns2:ExportUserIdentity><User DomainName="Local Domain" UserName="ZemIHltY2PAKh0JiOLHv#w=="><FullName>Service: uddi:40f57421-c490-11e4-aaa1-f96d9bf69285</FullName><IdentityKey>urn:uuid:40f7be12-c490-11e4-aaa1-f96d9bf69285</IdentityKey><Password>vfQVhKWKm5XT2P7iRG4RxzbXKNFzsAGIbHRn4hWOrK9VZsnZJYROPgg8ofwiQpYpQO3ozRqPthUZp7ZCAFL9+g==</Password><Disabled>false</Disabled><ForcePwdResetOnNextLogin>false</ForcePwdResetOnNextLogin><Expired>false</Expired><ReadOnly>true</ReadOnly><PasswordFrmSeed>0</PasswordFrmSeed><OrganizationKey>uddi:soa.com:registryorganization</OrganizationKey><PasswordSalt>fdrvvaS7dLW6dreIYb/G6uygSl1cACUuUV/w/cyPChCiI5txLUR2nagCyiq91K5PQNZoeSOAv7yRlupbssbdeA==</PasswordSalt></User><ns2:PKIGenerated>true</ns2:PKIGenerated></ns2:ExportUserIdentity></ns2:ExportObjectConfiguration></ns2:ExportConfiguration>