<?xml version="1.0" encoding="UTF-8"?>
<process name="SalesForceOAuth" ns11:description="make call to Google to get list of workbooks for the first spreadsheet" ns11:name="GetWorkbookListRequest" ns11:orgKey="uddi:5ccceeea-b56b-11e4-86ce-86c450a25418" ns2:processKey="bpel:aba48fd0-a6a9-11e4-8e6b-f088256c1208" targetNamespace="http://soa.com/processs" xmlns="http://schemas.xmlsoap.org/ws/2003/03/business-process/" xmlns:ns10="http://soa.com/capabilities/service/virtualization/bpel/activity" xmlns:ns11="http://soa.com/bpel/export" xmlns:ns2="http://soa.com/bpel/ext" xmlns:ns3="http://soa.com/capabilities/service/virtualization/bpel" xmlns:ns4="http://schemas.xmlsoap.org/ws/2006/02/addressingidentity" xmlns:ns5="http://www.w3.org/2000/09/xmldsig#" xmlns:ns6="http://docs.oasis-open.org/wss/2004/01/oasis-200401-wss-wssecurity-secext-1.0.xsd" xmlns:ns7="http://docs.oasis-open.org/wss/2004/01/oasis-200401-wss-wssecurity-utility-1.0.xsd" xmlns:ns8="http://schemas.xmlsoap.org/ws/2004/09/mex" xmlns:ns9="http://schemas.xmlsoap.org/ws/2003/05/partner-link/"><ns9:partnerLinkType name="ActivityPortTypeConsumer"><ns9:role name="Consumer"><ns9:portType name="ns10:ActivityPortType"/></ns9:role></ns9:partnerLinkType><ns10:Activities><ns10:Activity ActivityType="ns12:ScriptedActivity" LastUpdated="1425960793256" Name="CreateRequest" xmlns:ns12="http://soa.com/uri/products/activity/script/xsd/1.0"><ns2:ScriptedActivity xmlns="http://soa.com/uri/products/activity/audit/xsd/1.0" xmlns:ns11="http://soa.com/uri/products/activity/script/xsd/1.0" xmlns:ns2="http://soa.com/uri/products/activity/script/xsd/1.0" xmlns:ns3="http://soa.com/uri/products/activity/stripxml/xsd/1.0" xmlns:ns4="http://soa.com/uri/products/activity/xform/xsd/1.0" xmlns:ns5="http://soa.com/uri/products/activity/process/xsd/1.0" xmlns:ns6="http://soa.com/uri/products/activity/insertxml/xsd/1.0" xmlns:ns7="http://soa.com/uri/products/activity/insertcontent/xsd/1.0"><ns11:Language>js</ns11:Language><ns11:Script>// *************************************************************
// *************************************************************
// **
// **  Get the List of Worksheets on your spreadsheet
// **
// **  Create a query message object to call the Google Sheets
// **  API Hook to get the list of wooksheets in spreadsheet
// **
// *************************************************************
// *************************************************************
auditLog.debug("Start Config Google List Worksheets call");

var listRequest = msgFactory.create();

//set auth for box
//headers = listRequest.createTransportHeaders();
//headers.add("Authorization", "Bearer " + processContext.getVariable("Bearer"));

//set the visability and protection URL parms
var paraprop = new java.util.HashMap();
paraprop.put("key", processContext.getVariable("SpreadsheetKey"));
paraprop.put("visibility", "private");
paraprop.put("protection", "full");
listRequest.setProperty("http.binding.path.params", paraprop);

processContext.setVariable("ListRequest", listRequest);

auditLog.debug("Done Configuring Google List Worksheets call");
</ns11:Script><ns11:Import>script:cab432a2-a4f4-11e4-8c33-f78776b6b53c</ns11:Import></ns2:ScriptedActivity></ns10:Activity><ns10:Activity ActivityType="ns12:ScriptedActivity" LastUpdated="1425960793256" Name="SaveWorksheetKey" xmlns:ns12="http://soa.com/uri/products/activity/script/xsd/1.0"><ns2:ScriptedActivity xmlns="http://soa.com/uri/products/activity/audit/xsd/1.0" xmlns:ns11="http://soa.com/uri/products/activity/script/xsd/1.0" xmlns:ns2="http://soa.com/uri/products/activity/script/xsd/1.0" xmlns:ns3="http://soa.com/uri/products/activity/stripxml/xsd/1.0" xmlns:ns4="http://soa.com/uri/products/activity/xform/xsd/1.0" xmlns:ns5="http://soa.com/uri/products/activity/process/xsd/1.0" xmlns:ns6="http://soa.com/uri/products/activity/insertxml/xsd/1.0" xmlns:ns7="http://soa.com/uri/products/activity/insertcontent/xsd/1.0" xmlns:ns8="http://docs.oasis-open.org/wss/2004/01/oasis-200401-wss-wssecurity-utility-1.0.xsd"><ns11:Language>js</ns11:Language><ns11:Script>auditLog.debug("processing the Google Auth result");

var listResponse = processContext.getVariable("ListResponse");
auditLog.debug("the result was = " + listResponse);
var converter = com.soa.json.xml.script.XML2JSON.converter();
var JSONString = converter.convert(listResponse.getContentAsString());
var atom = JSON.parse(JSONString);


if(atom.entry != undefined){
	var worksheetKey = atom.entry[0].id.toString();
	worksheetKey = worksheetKey.substring(107)
	processContext.setVariable("WorksheetKey",worksheetKey);
	auditLog.debug("the first Worksheet id is = " + worksheetKey);
}
else {
	processContext.setVariable("WorksheetKey", 0);
	auditLog.debug("the WorksheetKey Key is = " + 0);
};</ns11:Script></ns2:ScriptedActivity></ns10:Activity></ns10:Activities><ns9:partnerLinkType name="SalesforceAuthentication_PortTypeConsumer"><ns9:role name="Consumer"><ns9:portType name="ns12:SalesforceAuthentication_PortType" xmlns:ns12="https://login.salesforce.com/services/oauth2"/></ns9:role></ns9:partnerLinkType><ns9:partnerLinkType name="SalesforceV20_API_PortTypeConsumer"><ns9:role name="Consumer"><ns9:portType name="ns12:SalesforceV20_API_PortType" xmlns:ns12="https://na4.salesforce.com/services/data/v20.0/"/></ns9:role></ns9:partnerLinkType><ns9:partnerLinkType name="Box_Content_API_PortTypeConsumer"><ns9:role name="Consumer"><ns9:portType name="ns12:Box_Content_API_PortType" xmlns:ns12="https://api.box.com/2.0"/></ns9:role></ns9:partnerLinkType><ns9:partnerLinkType name="Box_Upload_API_PortTypeConsumer"><ns9:role name="Consumer"><ns9:portType name="ns12:Box_Upload_API_PortType" xmlns:ns12="https://upload.box.com/api/2.0/"/></ns9:role></ns9:partnerLinkType><ns9:partnerLinkType name="Google_Auth_API_PortTypeConsumer"><ns9:role name="Consumer"><ns9:portType name="ns12:Google_Auth_API_PortType" xmlns:ns12="https://www.googleapis.com/oauth2/v3"/></ns9:role></ns9:partnerLinkType><ns9:partnerLinkType name="Google_Sheets_API_PortTypeConsumer"><ns9:role name="Consumer"><ns9:portType name="ns12:Google_Sheets_API_PortType" xmlns:ns12="https://spreadsheets.google.com/feeds"/></ns9:role></ns9:partnerLinkType><partnerLinks><partnerLink myRole="Consumer" name="Activity" partnerLinkType="ns12:ActivityPortTypeConsumer" xmlns:ns12="http://soa.com/processs"/><partnerLink myRole="Consumer" name="SalesforceAuthentication_PortTypePartnerLink" partnerLinkType="ns12:SalesforceAuthentication_PortTypeConsumer" xmlns:ns12="http://soa.com/processs"/><partnerLink myRole="Consumer" name="SalesforceV20_API_PortTypePartnerLink" partnerLinkType="ns12:SalesforceV20_API_PortTypeConsumer" xmlns:ns12="http://soa.com/processs"/><partnerLink myRole="Consumer" name="Box_Content_API_PortTypePartnerLink" partnerLinkType="ns12:Box_Content_API_PortTypeConsumer" xmlns:ns12="http://soa.com/processs"/><partnerLink myRole="Consumer" name="Box_Upload_API_PortTypePartnerLink" partnerLinkType="ns12:Box_Upload_API_PortTypeConsumer" xmlns:ns12="http://soa.com/processs"/><partnerLink myRole="Consumer" name="Google_Auth_API_PortTypePartnerLink" partnerLinkType="ns12:Google_Auth_API_PortTypeConsumer" xmlns:ns12="http://soa.com/processs"/><partnerLink myRole="Consumer" name="Google_Sheets_API_PortTypePartnerLink" partnerLinkType="ns12:Google_Sheets_API_PortTypeConsumer" xmlns:ns12="http://soa.com/processs"/></partnerLinks><variables><variable messageType="ns12:ActivityMessage" name="message" xmlns:ns12="http://soa.com/process/activity"/><variable messageType="ns12:ActivityMessage" name="fault" xmlns:ns12="http://soa.com/process/activity"/><variable defaultValue="" name="Bearer" type="xs:string" xmlns:xs="http://www.w3.org/2001/XMLSchema"/><variable messageType="ns12:ActivityMessage" name="ListResponse" xmlns:ns12="http://soa.com/process/activity"/><variable defaultValue="" name="AppID" type="xs:string" xmlns:xs="http://www.w3.org/2001/XMLSchema"/><variable defaultValue="" name="AppSecret" type="xs:string" xmlns:xs="http://www.w3.org/2001/XMLSchema"/><variable messageType="ns12:ActivityMessage" name="ListRequest" xmlns:ns12="http://soa.com/process/activity"/><variable defaultValue="" name="WorksheetKey" type="xs:string" xmlns:xs="http://www.w3.org/2001/XMLSchema"/><variable defaultValue="" name="CellKey" type="xs:string" xmlns:xs="http://www.w3.org/2001/XMLSchema"/></variables><sequence><invoke inputVariable="message" name="CreateRequest" operation="invoke" outputVariable="message" partnerLink="Activity" portType="ns10:ActivityPortType"><ns2:InvocationExt endpoint="CreateRequest" propagateExchange="true" service="ns10:ActivityService"/></invoke><invoke inputVariable="ListRequest" name="GetWorksheetList" operation="GET__worksheets__key___visibility___protection_" outputVariable="ListResponse" partnerLink="Google_Sheets_API_PortTypePartnerLink" portType="ns12:Google_Sheets_API_PortType" xmlns:ns12="https://spreadsheets.google.com/feeds"><ns2:InvocationExt service="ns12:Google_Sheets_API_vs0"><ns2:Audit/></ns2:InvocationExt></invoke><invoke inputVariable="message" name="SaveWorksheetKey" operation="invoke" outputVariable="message" partnerLink="Activity" portType="ns10:ActivityPortType"><ns2:InvocationExt endpoint="SaveWorksheetKey" propagateExchange="true" service="ns10:ActivityService"/></invoke></sequence></process>