<?xml version="1.0" encoding="UTF-8"?>
<process name="GET__cell" ns2:processKey="bpel:83e71923-c491-11e4-aaa1-f96d9bf69285" targetNamespace="https://spreadsheets.google.com/feeds" xmlns="http://schemas.xmlsoap.org/ws/2003/03/business-process/" xmlns:ns10="http://soa.com/capabilities/service/virtualization/bpel/activity" xmlns:ns2="http://soa.com/bpel/ext" xmlns:ns3="http://soa.com/capabilities/service/virtualization/bpel" xmlns:ns4="http://schemas.xmlsoap.org/ws/2006/02/addressingidentity" xmlns:ns5="http://www.w3.org/2000/09/xmldsig#" xmlns:ns6="http://docs.oasis-open.org/wss/2004/01/oasis-200401-wss-wssecurity-secext-1.0.xsd" xmlns:ns7="http://docs.oasis-open.org/wss/2004/01/oasis-200401-wss-wssecurity-utility-1.0.xsd" xmlns:ns8="http://schemas.xmlsoap.org/ws/2004/09/mex" xmlns:ns9="http://schemas.xmlsoap.org/ws/2003/05/partner-link/"><ns9:partnerLinkType name="Google_Sheet_Integrator_PortTypeProvider"><ns9:role name="Provider"><ns9:portType name="ns11:Google_Sheet_Integrator_PortType" xmlns:ns11="https://spreadsheets.google.com/feeds"/></ns9:role></ns9:partnerLinkType><ns9:partnerLinkType name="ActivityPortTypeConsumer"><ns9:role name="Consumer"><ns9:portType name="ns10:ActivityPortType"/></ns9:role></ns9:partnerLinkType><ns10:Activities><ns10:Activity ActivityType="ns11:ProcessActivity" LastUpdated="1425961044795" Name="GetListofSheets" xmlns:ns11="http://soa.com/uri/products/activity/process/xsd/1.0"><ns5:ProcessActivity xmlns="http://soa.com/uri/products/activity/audit/xsd/1.0" xmlns:ns2="http://soa.com/uri/products/activity/script/xsd/1.0" xmlns:ns3="http://soa.com/uri/products/activity/stripxml/xsd/1.0" xmlns:ns4="http://soa.com/uri/products/activity/xform/xsd/1.0" xmlns:ns5="http://soa.com/uri/products/activity/process/xsd/1.0" xmlns:ns6="http://soa.com/uri/products/activity/insertxml/xsd/1.0" xmlns:ns7="http://soa.com/uri/products/activity/insertcontent/xsd/1.0" xmlns:ns8="http://docs.oasis-open.org/wss/2004/01/oasis-200401-wss-wssecurity-utility-1.0.xsd"><ns5:ProcessID>bpel:21735124-a674-11e4-8e6b-f088256c1208</ns5:ProcessID></ns5:ProcessActivity></ns10:Activity><ns10:Activity ActivityType="ns11:ProcessActivity" LastUpdated="1425961044795" Name="GetWorksheets" xmlns:ns11="http://soa.com/uri/products/activity/process/xsd/1.0"><ns5:ProcessActivity xmlns="http://soa.com/uri/products/activity/audit/xsd/1.0" xmlns:ns2="http://soa.com/uri/products/activity/script/xsd/1.0" xmlns:ns3="http://soa.com/uri/products/activity/stripxml/xsd/1.0" xmlns:ns4="http://soa.com/uri/products/activity/xform/xsd/1.0" xmlns:ns5="http://soa.com/uri/products/activity/process/xsd/1.0" xmlns:ns6="http://soa.com/uri/products/activity/insertxml/xsd/1.0" xmlns:ns7="http://soa.com/uri/products/activity/insertcontent/xsd/1.0" xmlns:ns8="http://docs.oasis-open.org/wss/2004/01/oasis-200401-wss-wssecurity-utility-1.0.xsd"><ns5:ProcessID>bpel:aba48fd0-a6a9-11e4-8e6b-f088256c1208</ns5:ProcessID></ns5:ProcessActivity></ns10:Activity><ns10:Activity ActivityType="ns11:ProcessActivity" LastUpdated="1425961044796" Name="GetCellContent" xmlns:ns11="http://soa.com/uri/products/activity/process/xsd/1.0"><ns5:ProcessActivity xmlns="http://soa.com/uri/products/activity/audit/xsd/1.0" xmlns:ns2="http://soa.com/uri/products/activity/script/xsd/1.0" xmlns:ns3="http://soa.com/uri/products/activity/stripxml/xsd/1.0" xmlns:ns4="http://soa.com/uri/products/activity/xform/xsd/1.0" xmlns:ns5="http://soa.com/uri/products/activity/process/xsd/1.0" xmlns:ns6="http://soa.com/uri/products/activity/insertxml/xsd/1.0" xmlns:ns7="http://soa.com/uri/products/activity/insertcontent/xsd/1.0" xmlns:ns8="http://docs.oasis-open.org/wss/2004/01/oasis-200401-wss-wssecurity-utility-1.0.xsd"><ns5:ProcessID>bpel:db68460c-a6b6-11e4-8e6b-f088256c1208</ns5:ProcessID></ns5:ProcessActivity></ns10:Activity><ns10:Activity ActivityType="ns11:ScriptedActivity" LastUpdated="1425961044796" Name="CreateFinalResponse" xmlns:ns11="http://soa.com/uri/products/activity/script/xsd/1.0"><ns2:ScriptedActivity xmlns="http://soa.com/uri/products/activity/audit/xsd/1.0" xmlns:ns2="http://soa.com/uri/products/activity/script/xsd/1.0" xmlns:ns3="http://soa.com/uri/products/activity/stripxml/xsd/1.0" xmlns:ns4="http://soa.com/uri/products/activity/xform/xsd/1.0" xmlns:ns5="http://soa.com/uri/products/activity/process/xsd/1.0" xmlns:ns6="http://soa.com/uri/products/activity/insertxml/xsd/1.0" xmlns:ns7="http://soa.com/uri/products/activity/insertcontent/xsd/1.0"><ns2:Language>js</ns2:Language><ns2:Script>// *************************************************************
// *************************************************************
// **
// **  Place the success message into the response
// **
// **
// *************************************************************
// *************************************************************
var result = msgFactory.create("application/json");
var content = processContext.getVariable("CellContent");
var content = '{"status":"Success", "detail":"'+content+'"}';

var msgJSON = JSON.parse(content);

result.setStringContent(JSON.stringify(msgJSON));

processContext.setVariable("message", result);</ns2:Script></ns2:ScriptedActivity></ns10:Activity><ns10:Activity ActivityType="ns11:ScriptedActivity" LastUpdated="1425961044796" Name="NoContent" xmlns:ns11="http://soa.com/uri/products/activity/script/xsd/1.0"><ns2:ScriptedActivity xmlns="http://soa.com/uri/products/activity/audit/xsd/1.0" xmlns:ns2="http://soa.com/uri/products/activity/script/xsd/1.0" xmlns:ns3="http://soa.com/uri/products/activity/stripxml/xsd/1.0" xmlns:ns4="http://soa.com/uri/products/activity/xform/xsd/1.0" xmlns:ns5="http://soa.com/uri/products/activity/process/xsd/1.0" xmlns:ns6="http://soa.com/uri/products/activity/insertxml/xsd/1.0" xmlns:ns7="http://soa.com/uri/products/activity/insertcontent/xsd/1.0"><ns2:Language>js</ns2:Language><ns2:Script>// *************************************************************
// *************************************************************
// **
// **  Place the error message into the response
// **
// **
// *************************************************************
// *************************************************************
var result = msgFactory.create("application/json");
var content = '{"status":"Error", "detail":"there is Nothing in your WorkBook"}';

var msgJSON = JSON.parse(content);

result.setStringContent(JSON.stringify(msgJSON));

processContext.setVariable("message", result);</ns2:Script></ns2:ScriptedActivity></ns10:Activity><ns10:Activity ActivityType="ns11:ScriptedActivity" LastUpdated="1425961044796" Name="NoWorrksheets" xmlns:ns11="http://soa.com/uri/products/activity/script/xsd/1.0"><ns2:ScriptedActivity xmlns="http://soa.com/uri/products/activity/audit/xsd/1.0" xmlns:ns2="http://soa.com/uri/products/activity/script/xsd/1.0" xmlns:ns3="http://soa.com/uri/products/activity/stripxml/xsd/1.0" xmlns:ns4="http://soa.com/uri/products/activity/xform/xsd/1.0" xmlns:ns5="http://soa.com/uri/products/activity/process/xsd/1.0" xmlns:ns6="http://soa.com/uri/products/activity/insertxml/xsd/1.0" xmlns:ns7="http://soa.com/uri/products/activity/insertcontent/xsd/1.0"><ns2:Language>js</ns2:Language><ns2:Script>// *************************************************************
// *************************************************************
// **
// **  Place the error message into the response
// **
// **
// *************************************************************
// *************************************************************
var result = msgFactory.create("application/json");
var content = '{"status":"Error", "detail":"there are no Worksheets in your  google Drive"}';

var msgJSON = JSON.parse(content);

result.setStringContent(JSON.stringify(msgJSON));

processContext.setVariable("message", result);</ns2:Script></ns2:ScriptedActivity></ns10:Activity><ns10:Activity ActivityType="ns11:ScriptedActivity" LastUpdated="1425961044796" Name="NoSpreadsheets" xmlns:ns11="http://soa.com/uri/products/activity/script/xsd/1.0"><ns2:ScriptedActivity xmlns="http://soa.com/uri/products/activity/audit/xsd/1.0" xmlns:ns2="http://soa.com/uri/products/activity/script/xsd/1.0" xmlns:ns3="http://soa.com/uri/products/activity/stripxml/xsd/1.0" xmlns:ns4="http://soa.com/uri/products/activity/xform/xsd/1.0" xmlns:ns5="http://soa.com/uri/products/activity/process/xsd/1.0" xmlns:ns6="http://soa.com/uri/products/activity/insertxml/xsd/1.0" xmlns:ns7="http://soa.com/uri/products/activity/insertcontent/xsd/1.0"><ns2:Language>js</ns2:Language><ns2:Script>// *************************************************************
// *************************************************************
// **
// **  Place the error message into the response
// **
// **
// *************************************************************
// *************************************************************
var result = msgFactory.create("application/json");
var content = '{"status":"Error", "detail":"there are no Spreadsheets in your  google Drive"}';

var msgJSON = JSON.parse(content);

result.setStringContent(JSON.stringify(msgJSON));

processContext.setVariable("message", result);</ns2:Script></ns2:ScriptedActivity></ns10:Activity></ns10:Activities><partnerLinks><partnerLink myRole="Provider" name="initial" partnerLinkType="ns11:Google_Sheet_Integrator_PortTypeProvider" xmlns:ns11="https://spreadsheets.google.com/feeds"/><partnerLink myRole="Consumer" name="Activity" partnerLinkType="ns11:ActivityPortTypeConsumer" xmlns:ns11="https://spreadsheets.google.com/feeds"/></partnerLinks><variables><variable messageType="ns11:ActivityMessage" name="message" xmlns:ns11="http://soa.com/process/activity"/><variable messageType="ns11:ActivityMessage" name="fault" xmlns:ns11="http://soa.com/process/activity"/><variable defaultValue="" name="SpreadsheetKey" type="xs:string" xmlns:xs="http://www.w3.org/2001/XMLSchema"/><variable defaultValue="" name="WorksheetKey" type="xs:string" xmlns:xs="http://www.w3.org/2001/XMLSchema"/><variable defaultValue="" name="CellContent" type="xs:string" xmlns:xs="http://www.w3.org/2001/XMLSchema"/></variables><faultHandlers><catchAll><sequence><reply faultName="ns2:ExistingFault" name="FaultReply" operation="GET__cell" partnerLink="initial" portType="ns11:Google_Sheet_Integrator_PortType" variable="fault" xmlns:ns11="https://spreadsheets.google.com/feeds"/></sequence></catchAll></faultHandlers><sequence><receive createInstance="yes" name="Receive" operation="GET__cell" partnerLink="initial" portType="ns11:Google_Sheet_Integrator_PortType" variable="message" xmlns:ns11="https://spreadsheets.google.com/feeds"/><invoke inputVariable="message" name="GetListofSheets" operation="invoke" outputVariable="message" partnerLink="Activity" portType="ns10:ActivityPortType"><ns2:InvocationExt endpoint="GetListofSheets" propagateExchange="true" service="ns10:ActivityService"/></invoke><switch name="Branch1" ns2:expressionLanguage="js"><case condition="&lt;?xml version=&quot;1.0&quot; encoding=&quot;UTF-8&quot; standalone=&quot;yes&quot;?>&lt;Script xmlns=&quot;http://soa.com/capabilities/service/scripting&quot;>&lt;Language>js&lt;/Language>&lt;Source>key = processContext.getVariable(&quot;SpreadsheetKey&quot;);&#xa;auditLog.debug(&quot;SpreadsheetKey is: &quot;+key);&#xa;&#xa;key != 0;&lt;/Source>&lt;/Script>" ns2:inputVariable="" ns2:label="SpreadsheetExists"><sequence><invoke inputVariable="message" name="GetWorksheets" operation="invoke" outputVariable="message" partnerLink="Activity" portType="ns10:ActivityPortType"><ns2:InvocationExt endpoint="GetWorksheets" propagateExchange="true" service="ns10:ActivityService"/></invoke><switch name="Branch2" ns2:expressionLanguage="js"><case condition="&lt;?xml version=&quot;1.0&quot; encoding=&quot;UTF-8&quot; standalone=&quot;yes&quot;?>&lt;Script xmlns=&quot;http://soa.com/capabilities/service/scripting&quot;>&lt;Language>js&lt;/Language>&lt;Source>key = processContext.getVariable(&quot;WorksheetKey&quot;);&#xa;auditLog.debug(&quot;WorksheetKey is: &quot;+key);&#xa;&#xa;key != 0;&lt;/Source>&lt;/Script>" ns2:inputVariable="" ns2:label="WorksheetExists"><sequence><invoke inputVariable="message" name="GetCellContent" operation="invoke" outputVariable="message" partnerLink="Activity" portType="ns10:ActivityPortType"><ns2:InvocationExt endpoint="GetCellContent" propagateExchange="true" service="ns10:ActivityService"/></invoke><switch name="Branch3" ns2:expressionLanguage="js"><case condition="&lt;?xml version=&quot;1.0&quot; encoding=&quot;UTF-8&quot; standalone=&quot;yes&quot;?>&lt;Script xmlns=&quot;http://soa.com/capabilities/service/scripting&quot;>&lt;Language>js&lt;/Language>&lt;Source>var content = processContext.getVariable(&quot;CellContent&quot;);&#xa;auditLog.debug(&quot;CellContent is: &quot;+content);&#xa;&#xa;content != 0;&lt;/Source>&lt;/Script>" ns2:inputVariable="" ns2:label="ContentExists"><sequence><invoke inputVariable="message" name="CreateFinalResponse" operation="invoke" outputVariable="message" partnerLink="Activity" portType="ns10:ActivityPortType"><ns2:InvocationExt endpoint="CreateFinalResponse" propagateExchange="true" service="ns10:ActivityService"/></invoke><reply name="Reply3" operation="GET__cell" partnerLink="initial" portType="ns11:Google_Sheet_Integrator_PortType" variable="message" xmlns:ns11="https://spreadsheets.google.com/feeds"/></sequence></case><otherwise><sequence><invoke inputVariable="message" name="NoContent" operation="invoke" outputVariable="message" partnerLink="Activity" portType="ns10:ActivityPortType"><ns2:InvocationExt endpoint="NoContent" propagateExchange="true" service="ns10:ActivityService"/></invoke><reply name="Reply2" operation="GET__cell" partnerLink="initial" portType="ns11:Google_Sheet_Integrator_PortType" variable="message" xmlns:ns11="https://spreadsheets.google.com/feeds"/></sequence></otherwise></switch></sequence></case><otherwise><sequence><invoke inputVariable="message" name="NoWorrksheets" operation="invoke" outputVariable="message" partnerLink="Activity" portType="ns10:ActivityPortType"><ns2:InvocationExt endpoint="NoWorrksheets" propagateExchange="true" service="ns10:ActivityService"/></invoke><reply name="Reply1" operation="GET__cell" partnerLink="initial" portType="ns11:Google_Sheet_Integrator_PortType" variable="message" xmlns:ns11="https://spreadsheets.google.com/feeds"/></sequence></otherwise></switch></sequence></case><otherwise><sequence><invoke inputVariable="message" name="NoSpreadsheets" operation="invoke" outputVariable="message" partnerLink="Activity" portType="ns10:ActivityPortType"><ns2:InvocationExt endpoint="NoSpreadsheets" propagateExchange="true" service="ns10:ActivityService"/></invoke><reply name="Reply" operation="GET__cell" partnerLink="initial" portType="ns11:Google_Sheet_Integrator_PortType" variable="message" xmlns:ns11="https://spreadsheets.google.com/feeds"/></sequence></otherwise></switch></sequence></process>