<?xml version="1.0" encoding="UTF-8"?>
<ActivityGraph xmlns="http://soa.com/uri/products/activity/graph/xsd/1.0"><PositionElements><Position ActivityName="Receive"><XPosition>100</XPosition><YPosition>100</YPosition></Position><Position ActivityName="GetListofSheets"><XPosition>80</XPosition><YPosition>190</YPosition></Position><Position ActivityName="Branch1"><XPosition>90</XPosition><YPosition>310</YPosition></Position><Position ActivityName="GetWorksheets"><XPosition>80</XPosition><YPosition>410</YPosition></Position><Position ActivityName="Branch2"><XPosition>90</XPosition><YPosition>510</YPosition></Position><Position ActivityName="GetCellContent"><XPosition>80</XPosition><YPosition>610</YPosition></Position><Position ActivityName="Branch3"><XPosition>90</XPosition><YPosition>730</YPosition></Position><Position ActivityName="CreateFinalResponse"><XPosition>270</XPosition><YPosition>850</YPosition></Position><Position ActivityName="Reply3"><XPosition>419</XPosition><YPosition>851</YPosition></Position><Position ActivityName="NoContent"><XPosition>270</XPosition><YPosition>730</YPosition></Position><Position ActivityName="Reply2"><XPosition>417</XPosition><YPosition>722</YPosition></Position><Position ActivityName="NoWorrksheets"><XPosition>270</XPosition><YPosition>510</YPosition></Position><Position ActivityName="Reply1"><XPosition>420</XPosition><YPosition>510</YPosition></Position><Position ActivityName="NoSpreadsheets"><XPosition>270</XPosition><YPosition>310</YPosition></Position><Position ActivityName="Reply"><XPosition>420</XPosition><YPosition>310</YPosition></Position></PositionElements></ActivityGraph>