<?xml version="1.0" encoding="UTF-8"?>
<ns8:ExportConfiguration xmlns="http://digev.com/uri/products/ManagementServer/xsd/1.0" xmlns:ns10="http://soa.com/uri/products/Policy/xsd/1.0" xmlns:ns11="http://soa.com/uri/products/Contracts/xsd/1.0" xmlns:ns12="http://soa.com/uri/products/IdentityAuthorization/xsd/1.0" xmlns:ns13="http://soa.com/uri/products/Organization/xsd/1.0" xmlns:ns14="http://digev.com/uri/products/AlertManager/xsd/1.0" xmlns:ns15="http://digev.com/uri/products/PolicyManager/xsd/1.0" xmlns:ns2="http://digev.com/uri/products/Types/xsd/1.0" xmlns:ns3="http://www.soa.com/uri/products/SLAPolicy/xsd/1.0" xmlns:ns4="urn:uddi-org:api_v3" xmlns:ns5="http://www.w3.org/2000/09/xmldsig#" xmlns:ns6="http://soa.com/uri/products/ServiceProperties/1.0" xmlns:ns7="http://soa.com/uri/products/ServiceEndpointProperties/1.0" xmlns:ns8="http://www.soa.com/uri/products/ServiceManagerMigration/xsd/1.0" xmlns:ns9="urn:uddi-org:sub_v3"><ns8:SourceOrganization><ns2:Key>uddi:soa.com:registryorganization</ns2:Key></ns8:SourceOrganization><ns8:ExportObjectConfiguration><ns2:OrganizationKey><ns2:Key>uddi:5ccceeea-b56b-11e4-86ce-86c450a25418</ns2:Key></ns2:OrganizationKey><ns8:ExportOrganization><ns13:Organization><ns13:OrganizationKey><ns2:Key>uddi:5ccceeea-b56b-11e4-86ce-86c450a25418</ns2:Key></ns13:OrganizationKey><ns13:ParentKey><ns2:Key>uddi:soa.com:registryorganization</ns2:Key></ns13:ParentKey><ns13:Name>Google Sheets API Integration</ns13:Name><ns13:Description></ns13:Description><ns13:OrganizationType>Project</ns13:OrganizationType></ns13:Organization><ns4:businessEntity businessKey="uddi:5ccceeea-b56b-11e4-86ce-86c450a25418"><ns4:name>Google Sheets API Integration</ns4:name><ns4:categoryBag><ns4:keyedReferenceGroup tModelKey="uddi:soa.com:organization:group"><ns4:keyedReference keyName="Organization type" keyValue="Project" tModelKey="uddi:soa.com:categorization:organizationtype"/></ns4:keyedReferenceGroup></ns4:categoryBag></ns4:businessEntity></ns8:ExportOrganization></ns8:ExportObjectConfiguration><ns8:ExportObjectConfiguration><ns2:ScriptKey><ns2:Key>script:cab432a2-a4f4-11e4-8c33-f78776b6b53c</ns2:Key></ns2:ScriptKey><ns8:ExportScript><ns8:ScriptUri>scripts/script_cab432a2-a4f4-11e4-8c33-f78776b6b53c.xml</ns8:ScriptUri><ns8:Name>Signature</ns8:Name><ns8:Description>uses Java to signed the object passed in, with the method passed in as a parameter</ns8:Description><ns8:ScriptKey>script:cab432a2-a4f4-11e4-8c33-f78776b6b53c</ns8:ScriptKey><ns8:OrganizationKey>uddi:de16dd10-b7c8-11e4-a1d3-e7b0fbac92ac</ns8:OrganizationKey><ns8:Type>js</ns8:Type></ns8:ExportScript></ns8:ExportObjectConfiguration><ns8:ExportObjectConfiguration><ns2:BpelKey><ns2:Key>bpel:21735124-a674-11e4-8e6b-f088256c1208</ns2:Key></ns2:BpelKey><ns8:ExportBpel><ns8:BpelUri>bpels/bpel_21735124-a674-11e4-8e6b-f088256c1208.xml</ns8:BpelUri></ns8:ExportBpel></ns8:ExportObjectConfiguration><ns8:ExportObjectConfiguration><ns2:BpelKey><ns2:Key>bpel:db68460c-a6b6-11e4-8e6b-f088256c1208</ns2:Key></ns2:BpelKey><ns8:ExportBpel><ns8:BpelUri>bpels/bpel_db68460c-a6b6-11e4-8e6b-f088256c1208.xml</ns8:BpelUri></ns8:ExportBpel></ns8:ExportObjectConfiguration><ns8:ExportObjectConfiguration><ns2:BpelKey><ns2:Key>bpel:aba48fd0-a6a9-11e4-8e6b-f088256c1208</ns2:Key></ns2:BpelKey><ns8:ExportBpel><ns8:BpelUri>bpels/bpel_aba48fd0-a6a9-11e4-8e6b-f088256c1208.xml</ns8:BpelUri></ns8:ExportBpel></ns8:ExportObjectConfiguration><ns8:ExportObjectConfiguration><ns2:BpelKey><ns2:Key>bpel:83e71923-c491-11e4-aaa1-f96d9bf69285</ns2:Key></ns2:BpelKey><ns8:ExportBpel><ns8:BpelUri>bpels/bpel_83e71923-c491-11e4-aaa1-f96d9bf69285.xml</ns8:BpelUri></ns8:ExportBpel></ns8:ExportObjectConfiguration><ns8:ExportObjectConfiguration><ns2:InterfaceKey><ns2:Key>uddi:2fe6dca5-ebe9-45b9-8dda-7569704534c2</ns2:Key><ns2:InterfaceQName>{https://spreadsheets.google.com/feeds}Google_Sheet_Integrator_PortType</ns2:InterfaceQName></ns2:InterfaceKey><ns8:ExportInterface><ns4:tModel deleted="false" tModelKey="uddi:2fe6dca5-ebe9-45b9-8dda-7569704534c2"><ns4:name>Google_Sheet_Integrator_PortType</ns4:name><ns4:categoryBag><ns4:keyedReference keyName="portType namespace" keyValue="https://spreadsheets.google.com/feeds" tModelKey="uddi:uddi.org:xml:namespace"/><ns4:keyedReference keyName="WSDL type" keyValue="portType" tModelKey="uddi:uddi.org:wsdl:types"/></ns4:categoryBag></ns4:tModel><ns8:InterfaceWsdlUri>wsdls/uddi_2fe6dca5-ebe9-45b9-8dda-7569704534c2.wsdl</ns8:InterfaceWsdlUri></ns8:ExportInterface></ns8:ExportObjectConfiguration><ns8:ExportObjectConfiguration><ns2:BindingKey><ns2:Key>uddi:73873f62-04cb-4470-8b7f-5bd18170f29a</ns2:Key><ns2:BindingQName>{https://spreadsheets.google.com/feeds}Google_Sheet_Integrator_Binding</ns2:BindingQName><ns2:BindingType>binding.http</ns2:BindingType></ns2:BindingKey><ns8:ExportBinding><ns4:tModel deleted="false" tModelKey="uddi:73873f62-04cb-4470-8b7f-5bd18170f29a"><ns4:name>Google_Sheet_Integrator_Binding</ns4:name><ns4:categoryBag><ns4:keyedReference keyName="binding namespace" keyValue="https://spreadsheets.google.com/feeds" tModelKey="uddi:uddi.org:xml:namespace"/><ns4:keyedReference keyName="WSDL type" keyValue="binding" tModelKey="uddi:uddi.org:wsdl:types"/><ns4:keyedReference keyName="portType Reference" keyValue="uddi:2fe6dca5-ebe9-45b9-8dda-7569704534c2" tModelKey="uddi:uddi.org:wsdl:porttypereference"/><ns4:keyedReference keyName="uddi-org:types" keyValue="wsdlSpec" tModelKey="uddi:uddi.org:categorization:types"/></ns4:categoryBag></ns4:tModel><ns8:BindingWsdlUri>wsdls/uddi_73873f62-04cb-4470-8b7f-5bd18170f29a.wsdl</ns8:BindingWsdlUri></ns8:ExportBinding></ns8:ExportObjectConfiguration><ns8:ExportObjectConfiguration><ns2:ServiceKey><ns2:Key>uddi:40f57421-c490-11e4-aaa1-f96d9bf69285</ns2:Key><ns2:ServiceQName>{https://spreadsheets.google.com/feeds}Google_Sheet_Integrator</ns2:ServiceQName></ns2:ServiceKey><ns8:ExportService><VirtualService BusinessKey="uddi:5ccceeea-b56b-11e4-86ce-86c450a25418" ServiceKey="uddi:40f57421-c490-11e4-aaa1-f96d9bf69285" WsdlServiceLocalName="Google_Sheet_Integrator" WsdlTargetNamespaceUrl="https://spreadsheets.google.com/feeds"><Name>Google_Sheet_Integrator</Name><Description></Description><Operations><LogicalOperation InterfaceName="{https://spreadsheets.google.com/feeds}Google_Sheet_Integrator_PortType" ManagementState="Enabled" NextHopOperationKey="uddi:a9d177b8-b7dd-11e4-b67d-f5b31262a0e1$$${https://soa.com}Google_Drive_Hook_PortType$$$GET__files" NextHopOperationName="GET /cells/{key}/{worksheetId}/{visibility}/{protection}" NextHopServiceKey="uddi:2f09bb4f-c9e8-11e4-b34e-c1e7b9cfed01" NextHopServiceName="Google_Sheets_API_Hook" NumOfVirtualizedOperations="0" OperationKey="411d4775-c490-11e4-aaa1-f96d9bf69285" OperationLastUpdatedAt="2015-03-25T04:14:26.987Z" OperationName="GET /cell" PolicyAvailable="true" ServiceKey="uddi:40f57421-c490-11e4-aaa1-f96d9bf69285" WsdlOperationName="GET__cell"><NextHopOperation InterfaceName="{https://spreadsheets.google.com/feeds}Google_Sheets_API_Hook_PortType" OperationKey="2f4f28da-c9e8-11e4-b34e-c1e7b9cfed01" OperationLastUpdatedAt="2015-03-25T04:29:53.660Z" OperationName="GET /cells/{key}/{worksheetId}/{visibility}/{protection}" ServiceKey="uddi:2f09bb4f-c9e8-11e4-b34e-c1e7b9cfed01" ServiceName="Google_Sheets_API_Hook" WsdlOperationName="GET__cells__key___worksheetId___visibility___protection_"/></LogicalOperation></Operations></VirtualService><ns4:businessService businessKey="uddi:5ccceeea-b56b-11e4-86ce-86c450a25418" serviceKey="uddi:40f57421-c490-11e4-aaa1-f96d9bf69285"><ns4:name>Google_Sheet_Integrator</ns4:name><ns4:bindingTemplates><ns4:bindingTemplate bindingKey="uddi:4138beb8-c490-11e4-aaa1-f96d9bf69285" serviceKey="uddi:40f57421-c490-11e4-aaa1-f96d9bf69285"><ns4:accessPoint useType="endPoint">http://win7-64-vm:80/sheets_int</ns4:accessPoint><ns4:tModelInstanceDetails><ns4:tModelInstanceInfo tModelKey="uddi:73873f62-04cb-4470-8b7f-5bd18170f29a"><ns4:description>The wsdl:binding that this wsdl:port implements. The instanceParms specifies the port local name.</ns4:description><ns4:instanceDetails><ns4:instanceParms>HTTP</ns4:instanceParms></ns4:instanceDetails></ns4:tModelInstanceInfo><ns4:tModelInstanceInfo tModelKey="uddi:2fe6dca5-ebe9-45b9-8dda-7569704534c2"><ns4:description>The wsdl:portType that this wsdl:port implements.</ns4:description></ns4:tModelInstanceInfo></ns4:tModelInstanceDetails><ns4:categoryBag><ns4:keyedReference keyName="WSDL type" keyValue="port" tModelKey="uddi:uddi.org:wsdl:types"/><ns4:keyedReferenceGroup tModelKey="uddi:soa.com:serviceendpoint:group"><ns4:keyedReference keyName="containerKey" keyValue="ND-Cluster" tModelKey="uddi:soa.com:serviceendpoint:containername"/><ns4:keyedReference keyName="listenerName" keyValue="default-http0" tModelKey="uddi:soa.com:serviceendpoint:listenername"/></ns4:keyedReferenceGroup></ns4:categoryBag></ns4:bindingTemplate></ns4:bindingTemplates><ns4:categoryBag><ns4:keyedReference keyName="Virtual Service" keyValue="Virtual Service" tModelKey="uddi:digev.com:categorization:services"/><ns4:keyedReference keyName="Design" keyValue="Design" tModelKey="uddi:soa.com:servicelifecyclestage"/><ns4:keyedReference keyName="WSDL type" keyValue="service" tModelKey="uddi:uddi.org:wsdl:types"/><ns4:keyedReference keyName="service namespace" keyValue="https://spreadsheets.google.com/feeds" tModelKey="uddi:uddi.org:xml:namespace"/><ns4:keyedReference keyName="service local name" keyValue="Google_Sheet_Integrator" tModelKey="uddi:uddi.org:xml:localname"/><ns4:keyedReference keyName="Managed Service" keyValue="Managed Service" tModelKey="uddi:digev.com:categorization:services"/><ns4:keyedReferenceGroup tModelKey="uddi:soa.com:service:group"/></ns4:categoryBag></ns4:businessService><ns8:ExportServiceEndpoint><ns7:ServiceEndpoint><ns7:ServiceKey>uddi:40f57421-c490-11e4-aaa1-f96d9bf69285</ns7:ServiceKey><ns7:Name>uddi:4138beb8-c490-11e4-aaa1-f96d9bf69285</ns7:Name><ns7:Url>http://win7-64-vm:80/sheets_int</ns7:Url><ns7:BindingQName>{https://spreadsheets.google.com/feeds}Google_Sheet_Integrator_Binding</ns7:BindingQName><ns7:PortName>HTTP</ns7:PortName><ns7:Protocol>http</ns7:Protocol><ns7:ContainerKey>ND-Cluster</ns7:ContainerKey><ns7:ListenerName>default-http0</ns7:ListenerName></ns7:ServiceEndpoint><ns8:EndpointWsdlUri>wsdls/uddi_4138beb8-c490-11e4-aaa1-f96d9bf69285.wsdl</ns8:EndpointWsdlUri></ns8:ExportServiceEndpoint><ns8:BpelUri>services/uddi_40f57421-c490-11e4-aaa1-f96d9bf69285/bpel.xml</ns8:BpelUri><ns8:ManagementUri>services/uddi_40f57421-c490-11e4-aaa1-f96d9bf69285/management.xml</ns8:ManagementUri></ns8:ExportService></ns8:ExportObjectConfiguration><ns8:ExportObjectConfiguration><ns2:ContractKey><ns2:Key>40747a4e-b56f-11e4-86ce-86c450a25418</ns2:Key></ns2:ContractKey><ns8:ExportContract><ns11:Contract><ns11:ContractInfo Anonymous="true" Key="40747a4e-b56f-11e4-86ce-86c450a25418:1153" Name="Anonymous" State="Activated"><ns11:Description></ns11:Description><ns11:ProviderOrganizationKey>uddi:5ccceeea-b56b-11e4-86ce-86c450a25418</ns11:ProviderOrganizationKey><ns2:EffectiveDateTimes><ns2:StartDateTime><ns2:DateTime>2015-02-16T11:03:00+11:00</ns2:DateTime><ns2:TimezoneName>Australia/Sydney</ns2:TimezoneName></ns2:StartDateTime><ns2:EndDateTime><ns2:DateTime>2016-02-16T11:03:00+11:00</ns2:DateTime><ns2:TimezoneName>Australia/Sydney</ns2:TimezoneName></ns2:EndDateTime><ns2:Expire>false</ns2:Expire></ns2:EffectiveDateTimes><ns11:ContractVersionInfo><ns11:LastModifiedTimestamp>2015-03-04+11:00</ns11:LastModifiedTimestamp><ns11:User>Local Domain\administrator</ns11:User><ns11:MetadataVersion>4</ns11:MetadataVersion><ns11:ActiveMetadataVersion>4</ns11:ActiveMetadataVersion></ns11:ContractVersionInfo><ns11:ContractType>service.contract</ns11:ContractType></ns11:ContractInfo><ns11:ContractScope><ns2:OrganizationKey>uddi:5ccceeea-b56b-11e4-86ce-86c450a25418</ns2:OrganizationKey></ns11:ContractScope></ns11:Contract></ns8:ExportContract></ns8:ExportObjectConfiguration><ns8:ExportObjectConfiguration><ns2:IdentityKey><ns2:Key>Local Domain\ZemIHltY2PAKh0JiOLHv#w==</ns2:Key><ns2:DomainName>Local Domain</ns2:DomainName><ns2:UserName>ZemIHltY2PAKh0JiOLHv#w==</ns2:UserName></ns2:IdentityKey><ns8:ExportUserIdentity><ns15:User DomainName="Local Domain" UserName="ZemIHltY2PAKh0JiOLHv#w=="><ns15:FullName>Service: uddi:40f57421-c490-11e4-aaa1-f96d9bf69285</ns15:FullName><ns15:IdentityKey>urn:uuid:40f7be12-c490-11e4-aaa1-f96d9bf69285</ns15:IdentityKey><ns15:Password>vfQVhKWKm5XT2P7iRG4RxzbXKNFzsAGIbHRn4hWOrK9VZsnZJYROPgg8ofwiQpYpQO3ozRqPthUZp7ZCAFL9+g==</ns15:Password><ns15:Disabled>false</ns15:Disabled><ns15:ForcePwdResetOnNextLogin>false</ns15:ForcePwdResetOnNextLogin><ns15:Expired>false</ns15:Expired><ns15:ReadOnly>true</ns15:ReadOnly><ns15:PasswordFrmSeed>0</ns15:PasswordFrmSeed><ns15:OrganizationKey>uddi:soa.com:registryorganization</ns15:OrganizationKey><ns15:PasswordSalt>fdrvvaS7dLW6dreIYb/G6uygSl1cACUuUV/w/cyPChCiI5txLUR2nagCyiq91K5PQNZoeSOAv7yRlupbssbdeA==</ns15:PasswordSalt></ns15:User><ns8:PKIGenerated>true</ns8:PKIGenerated></ns8:ExportUserIdentity></ns8:ExportObjectConfiguration></ns8:ExportConfiguration>